trade_id,trade_timestamp,trade_status,trade_type,is_cash,symbol,quantity,bid_price,account_id,exec_name,trade_price,fee_charged,commission,tax
500001,2005-01-12 06:05:43,PNDG,BID,1,INTC,15,231.82,10039,Karen Young,,,,
500002,2004-01-23 05:54:21,ACTV,MRKT,1,ADBE,11,94.09,10130,James Edwards,,,,
500003,2005-07-19 20:34:49,CNCL,LMT,0,SONY,6,111.59,10063,Amanda Miller,,,,
500004,2005-11-18 13:42:53,PNDG,BID,0,BAC,21,58.18,10189,Robert Allen,,,,
500005,2004-06-29 10:46:15,PNDG,BID,0,XOM,13,160.3,10114,Kimberly Phillips,,,,
500006,2005-10-17 17:57:43,ACTV,LMT,0,XOM,12,73.66,10168,Patricia Stewart,,,,
500007,2003-09-01 20:17:41,CNCL,ASK,0,CVX,26,116.79,10175,Ronald Allen,,,,
500008,2005-07-28 01:16:41,CMPT,ASK,0,MA,17,192.0,10187,James Cook,194.64,4.24,5.27,2.34
500009,2004-01-20 21:23:31,CMPT,ASK,0,GOOGL,12,1.0,10037,Deborah Nguyen,1.02,5.04,9.43,0.59
500010,2004-05-10 10:36:04,PNDG,ASK,0,MSFT,33,68.82,10072,Carol Garcia,,,,
500011,2005-02-18 17:56:57,CNCL,LMT,0,XOM,12,11.9,10174,Daniel Hernandez,,,,
500012,2003-04-09 19:23:01,CMPT,SELL,0,PEP,11,93.91,10127,Kimberly Phillips,93.7,5.96,7.2,3.17
500013,2004-09-22 18:57:04,CNCL,LMT,1,DIS,9,40.28,10042,Jose Brown,,,,
500014,2005-01-07 06:48:49,PNDG,BID,1,BABA,13,153.99,10099,Richard Flores,,,,
500015,2005-04-05 03:56:51,PNDG,BID,0,SONY,32,166.97,10113,Daniel Harris,,,,
500016,2004-06-30 04:05:41,PNDG,MRKT,1,ORCL,3,136.39,10121,Paul Evans,,,,
500017,2004-10-06 01:36:00,PNDG,BID,0,WMT,37,114.38,10041,Brian Scott,,,,
500018,2003-06-06 10:01:35,PNDG,BID,1,ADBE,9,131.64,10106,Kimberly Phillips,,,,
500019,2003-09-06 09:27:22,ACTV,BUY,0,AVGO,9,154.74,10162,Andrew Parker,,,,
500020,2004-12-25 21:55:24,CMPT,BID,0,XOM,13,207.51,10079,Timothy Jones,208.75,3.41,9.0,3.12
500021,2005-04-25 04:03:04,CMPT,SELL,0,V,9,80.19,10025,Edward Green,77.97,6.99,5.06,0.0
500022,2005-04-07 14:21:47,PNDG,ASK,1,KO,3,94.39,10031,Ashley Phillips,,,,
500023,2003-10-21 19:21:43,CNCL,LMT,1,CSCO,22,103.77,10048,William Wilson,,,,
500024,2005-04-26 02:25:54,CMPT,MRKT,1,AAPL,18,32.9,10017,Joshua Ramirez,32.37,6.95,8.62,1.96
500025,2004-07-14 04:49:21,CMPT,SELL,0,WMT,33,43.42,10147,Paul Davis,43.2,7.26,13.06,2.01
500026,2005-02-19 10:28:01,PNDG,LMT,1,BAC,43,67.82,10009,Michelle Morris,,,,
500027,2005-11-08 09:56:26,CNCL,SELL,0,ORCL,16,97.83,10018,Michael White,,,,
500028,2003-06-11 13:05:48,ACTV,LMT,0,MSFT,4,128.06,10206,Linda Evans,,,,
500029,2003-01-08 16:39:56,CNCL,ASK,0,BAC,25,99.62,10056,Paul Brown,,,,
500030,2003-03-08 01:26:31,PNDG,BUY,0,NKE,12,207.5,10152,Joseph Jackson,,,,
500031,2004-11-08 19:19:18,CMPT,SELL,0,INTC,5,5.17,10088,Charles Evans,5.13,2.37,11.44,2.37
500032,2003-03-04 08:07:07,CNCL,BUY,1,NFLX,7,66.99,10148,Margaret White,,,,
500033,2004-07-14 03:15:33,PNDG,ASK,1,JPM,99,67.29,10162,Paul Nguyen,,,,
500034,2003-04-23 13:31:13,CNCL,LMT,1,KO,7,131.3,10171,Robert Adams,,,,
500035,2005-06-02 16:31:42,CNCL,SELL,1,NKE,21,125.52,10035,Michelle Gonzalez,,,,
500036,2004-08-01 07:04:15,ACTV,LMT,1,TSLA,7,28.86,10043,Donald Roberts,,,,
500037,2004-02-07 09:40:13,CNCL,MRKT,0,SAP,20,106.21,10181,Deborah Turner,,,,
500038,2003-02-02 02:17:02,PNDG,SELL,0,PEP,4,191.97,10190,James Evans,,,,
500039,2004-06-24 20:18:25,CMPT,LMT,1,PEP,23,93.13,10185,Joshua Green,92.84,5.51,4.73,0.38
500040,2004-09-18 03:49:56,CMPT,LMT,1,GOOGL,16,9.26,10091,George Thompson,9.3,1.83,6.67,1.84
500041,2005-07-20 03:43:09,CMPT,BUY,0,KO,46,35.49,10008,Lisa Roberts,34.89,3.58,3.29,1.29
500042,2003-06-19 12:17:34,CMPT,ASK,1,MA,18,164.04,10125,Gary Miller,167.31,3.38,15.71,4.38
500043,2005-11-06 14:09:34,CNCL,BID,0,ORCL,11,1.0,10065,Brian Johnson,,,,
500044,2004-07-23 18:53:44,PNDG,LMT,0,CRM,12,115.08,10050,David Phillips,,,,
500045,2003-10-02 05:02:09,CMPT,BUY,1,AAPL,2,115.17,10112,Edward Nguyen,114.89,3.27,9.07,3.21
500046,2003-01-19 03:07:58,CMPT,BUY,1,NKE,9,126.06,10008,Timothy Torres,125.07,3.27,7.26,2.63
500047,2004-10-24 12:19:21,CMPT,ASK,1,NKE,9,1.0,10019,James Thomas,1.01,1.49,7.4,4.13
500048,2005-02-22 03:47:13,CMPT,MRKT,1,META,13,26.72,10091,Richard Lewis,26.25,7.58,6.94,2.65
500049,2005-06-19 02:27:34,CMPT,ASK,0,AMZN,25,106.57,10150,Betty Adams,106.18,2.92,0.0,0.18
500050,2004-05-06 23:38:56,PNDG,LMT,1,COST,12,97.73,10183,Kenneth Martinez,,,,
500051,2005-02-20 02:17:03,ACTV,SELL,0,IBM,17,101.13,10128,Betty Torres,,,,
500052,2004-04-04 23:04:46,ACTV,SELL,0,GOOGL,15,165.15,10211,Jose Gonzalez,,,,
500053,2005-08-13 01:46:20,CMPT,SELL,1,ADBE,7,89.9,10010,Stephanie Baker,88.17,7.14,7.13,2.59
500054,2005-04-27 09:34:26,PNDG,SELL,0,GOOGL,39,185.57,10143,Mary Walker,,,,
500055,2003-07-17 06:48:22,CMPT,MRKT,1,WMT,12,165.14,10027,Michelle Allen,162.3,5.95,7.46,0.06
500056,2005-02-20 00:04:56,ACTV,BUY,0,TSLA,34,60.71,10131,Paul Scott,,,,
500057,2003-06-08 01:58:29,PNDG,ASK,1,TM,21,80.6,10153,Brian Smith,,,,
500058,2003-02-19 06:49:18,ACTV,SELL,0,NKE,26,201.86,10054,Melissa Adams,,,,
500059,2005-05-28 04:01:10,CNCL,MRKT,1,NVDA,7,2.87,10172,Amanda Miller,,,,
500060,2003-07-27 03:16:08,CNCL,BID,1,XOM,12,169.42,10062,Karen Carter,,,,
500061,2004-11-16 06:59:29,ACTV,BUY,0,AAPL,10,67.05,10127,John Davis,,,,
500062,2004-03-14 18:56:13,PNDG,ASK,1,CVX,18,1.0,10197,Sharon Flores,,,,
500063,2003-06-13 00:47:06,ACTV,LMT,1,AMZN,8,13.13,10054,Brian Baker,,,,
500064,2003-04-23 06:32:48,CNCL,ASK,1,TM,16,58.46,10111,Melissa Rodriguez,,,,
500065,2004-12-14 01:01:56,ACTV,ASK,1,MA,6,85.23,10077,David Lewis,,,,
500066,2005-08-27 22:41:04,CMPT,BID,1,MA,4,109.08,10168,James Clark,108.19,4.17,4.63,3.09
500067,2004-04-17 19:48:19,ACTV,BID,0,PEP,12,146.72,10088,Stephanie Roberts,,,,
500068,2003-06-12 19:22:12,ACTV,BUY,1,DIS,18,53.57,10088,Ryan Edwards,,,,
500069,2004-11-21 13:21:59,ACTV,MRKT,1,TSLA,20,134.44,10161,Sandra Hernandez,,,,
500070,2004-05-16 14:50:12,CMPT,LMT,0,NVDA,16,82.09,10014,Susan Jackson,81.67,6.73,14.2,1.0
500071,2004-06-16 15:42:22,PNDG,SELL,1,JPM,19,84.36,10004,Michelle Baker,,,,
500072,2004-08-05 14:13:58,CNCL,BID,0,IBM,23,140.68,10191,Mary Garcia,,,,
500073,2004-06-15 22:30:39,ACTV,LMT,0,WMT,28,1.0,10054,Kenneth Jones,,,,
500074,2003-06-09 02:19:40,ACTV,MRKT,1,TSLA,8,40.83,10078,Robert White,,,,
500075,2003-08-20 17:58:29,CMPT,ASK,1,BABA,12,59.33,10143,Rebecca Miller,58.87,6.5,13.28,0.0
500076,2005-04-17 06:18:24,ACTV,LMT,1,AVGO,10,131.84,10102,Angela Cook,,,,
500077,2004-02-26 01:07:03,ACTV,SELL,0,CVX,13,85.84,10083,Gary Wilson,,,,
500078,2004-11-18 10:06:32,ACTV,SELL,1,AAPL,5,44.01,10172,Rebecca Garcia,,,,
500079,2004-09-30 09:34:38,CMPT,BUY,0,NFLX,22,185.3,10169,Steven Miller,185.51,3.16,7.32,1.71
500080,2005-02-23 09:14:44,CMPT,MRKT,1,NVDA,19,118.28,10015,Patricia Jones,117.4,5.42,3.11,2.98
500081,2003-09-24 12:56:19,CMPT,MRKT,0,XOM,30,27.5,10069,William White,27.64,2.82,10.54,3.08
500082,2005-01-28 13:20:02,ACTV,MRKT,0,DIS,11,179.65,10065,Angela Thomas,,,,
500083,2004-08-07 13:51:48,CMPT,SELL,0,MSFT,9,64.99,10043,Timothy Anderson,64.55,4.69,5.93,2.19
500084,2005-01-18 08:46:11,ACTV,BID,0,COST,8,163.53,10219,Patricia Miller,,,,
500085,2005-01-26 08:32:57,PNDG,BUY,1,TM,27,75.29,10215,Donald Young,,,,
500086,2005-10-04 03:24:45,PNDG,BUY,1,ADBE,4,160.67,10118,Steven Cook,,,,
500087,2005-05-22 16:01:46,CMPT,BUY,1,AMZN,29,98.57,10060,Robert Moore,97.05,5.59,12.03,0.0
500088,2004-05-04 12:19:34,CMPT,BUY,1,AMZN,18,88.05,10121,Steven Mitchell,87.15,6.1,2.71,2.36
500089,2005-02-09 04:00:24,ACTV,ASK,1,AMZN,33,122.37,10157,Jessica King,,,,
500090,2004-03-10 03:41:43,CNCL,ASK,0,NVDA,7,1.0,10081,Sandra Cook,,,,
500091,2003-09-27 02:42:36,CNCL,LMT,1,AVGO,5,1.0,10201,Michael Wilson,,,,
500092,2005-01-09 02:28:52,PNDG,LMT,1,JPM,41,92.54,10203,Steven Taylor,,,,
500093,2005-11-20 00:53:27,ACTV,LMT,1,COST,6,19.13,10003,Andrew Adams,,,,
500094,2003-10-13 23:42:25,PNDG,SELL,0,XOM,6,86.49,10128,Laura Stewart,,,,
500095,2003-03-27 13:23:18,CMPT,LMT,1,NFLX,5,227.34,10190,Mary Hill,225.3,3.28,8.02,3.74
500096,2003-06-17 16:21:41,CNCL,BUY,0,ORCL,34,75.85,10186,Donald Rodriguez,,,,
500097,2004-10-05 21:14:14,PNDG,BUY,1,SAP,16,120.45,10078,Mary Baker,,,,
500098,2005-09-18 08:29:12,CNCL,ASK,0,TSLA,19,127.9,10093,Paul Edwards,,,,
500099,2004-03-10 22:37:04,PNDG,SELL,0,ORCL,6,21.79,10126,Richard Martin,,,,
500100,2004-07-08 08:14:19,PNDG,BUY,1,MA,15,27.15,10117,Barbara Perez,,,,
500101,2003-02-17 20:42:05,CMPT,SELL,1,XOM,34,112.8,10182,Ryan Evans,111.41,4.29,5.33,1.84
500102,2004-06-12 22:05:14,PNDG,ASK,1,NKE,26,8.89,10156,William Taylor,,,,
500103,2004-07-14 15:08:49,CMPT,SELL,0,WMT,3,133.66,10031,Donna Lee,133.38,5.36,8.47,1.78
500104,2003-12-10 08:31:51,ACTV,SELL,1,CRM,23,47.49,10015,Donna Parker,,,,
500105,2004-06-02 20:45:33,CNCL,SELL,1,INTC,14,51.85,10105,Melissa Clark,,,,
500106,2003-08-02 00:38:14,CNCL,BUY,0,TM,6,153.08,10112,Ronald Lopez,,,,
500107,2003-05-31 19:16:27,ACTV,BID,1,CVX,20,1.0,10108,Donald Thomas,,,,
500108,2005-01-26 19:00:06,ACTV,ASK,1,SAP,6,130.44,10136,Donna Morris,,,,
500109,2004-01-07 09:18:29,CNCL,ASK,0,IBM,28,63.38,10098,Kimberly Taylor,,,,
500110,2003-04-27 22:43:41,CNCL,SELL,1,COST,11,11.07,10019,Laura Murphy,,,,
500111,2004-11-27 23:34:31,CNCL,ASK,0,NFLX,78,143.26,10122,Jason Anderson,,,,
500112,2004-02-29 19:45:12,CMPT,ASK,1,CSCO,25,156.06,10023,Rebecca Mitchell,157.81,6.34,5.89,2.89
500113,2005-01-06 13:50:18,CMPT,BID,1,PYPL,14,200.76,10189,Joseph Green,198.99,3.81,9.18,3.54
500114,2003-08-20 01:17:55,PNDG,ASK,1,BAC,14,60.12,10069,Carol Jones,,,,
500115,2004-11-11 21:00:23,PNDG,BID,0,PEP,12,75.12,10117,Daniel Lopez,,,,
500116,2003-02-06 05:51:34,ACTV,BID,1,ADBE,50,172.91,10178,Kevin Roberts,,,,
500117,2004-02-22 23:06:16,CMPT,LMT,0,IBM,32,131.11,10141,Lisa Roberts,130.24,7.58,12.46,2.7
500118,2004-06-07 05:56:58,PNDG,MRKT,0,TSLA,13,185.67,10167,Gary Nelson,,,,
500119,2003-04-04 07:13:13,PNDG,MRKT,1,AAPL,10,163.52,10151,Edward Scott,,,,
500120,2003-01-10 06:18:23,CMPT,LMT,1,NVDA,8,42.07,10018,James Lopez,42.36,5.74,13.28,1.66
500121,2004-04-29 00:42:11,ACTV,BUY,0,MSFT,13,30.2,10068,Sharon Garcia,,,,
500122,2005-08-20 12:12:35,CNCL,MRKT,1,TSLA,3,1.0,10039,Daniel Jackson,,,,
500123,2004-06-13 12:07:28,CNCL,BUY,1,AMZN,18,27.64,10123,David Taylor,,,,
500124,2003-04-18 09:34:25,CNCL,LMT,1,BAC,29,209.56,10160,Nancy Allen,,,,
500125,2003-04-15 05:36:14,CNCL,ASK,1,CRM,11,226.09,10049,Melissa Johnson,,,,
500126,2003-05-28 17:12:05,CMPT,BUY,0,META,15,188.75,10205,Richard Turner,188.24,7.11,3.89,2.75
500127,2005-08-17 08:25:09,PNDG,LMT,1,NVDA,9,100.86,10206,Joshua Ramirez,,,,
500128,2004-03-17 03:55:42,CNCL,SELL,1,NKE,20,122.09,10050,Paul Ramirez,,,,
500129,2003-04-27 01:07:30,ACTV,LMT,1,INTC,12,160.94,10085,Joseph Allen,,,,
500130,2005-07-19 22:22:52,CMPT,SELL,0,SAP,23,13.05,10164,Karen Nelson,13.14,6.48,4.52,2.46
500131,2003-11-19 02:15:29,CNCL,ASK,0,INTC,5,210.75,10034,Ryan Rivera,,,,
500132,2004-09-26 14:26:12,CNCL,MRKT,0,MA,11,104.5,10180,Patricia Roberts,,,,
500133,2004-08-24 01:47:12,CMPT,MRKT,0,MA,31,100.01,10023,Elizabeth Lopez,100.73,2.7,5.12,0.33
500134,2005-08-03 01:06:01,ACTV,BID,0,SAP,11,182.17,10063,Jason Allen,,,,
500135,2005-09-02 19:16:11,ACTV,BUY,0,V,15,171.9,10093,Brian Jones,,,,
500136,2005-09-17 02:25:43,CMPT,LMT,0,SONY,6,48.17,10112,Donald Lee,47.9,6.26,8.18,1.98
500137,2005-05-06 13:31:55,CNCL,LMT,1,AVGO,20,99.4,10183,Michelle Brown,,,,
500138,2003-06-29 23:11:07,ACTV,SELL,1,BABA,13,201.34,10117,Gary Murphy,,,,
500139,2005-08-12 22:32:58,ACTV,BID,0,GOOGL,8,122.79,10017,Gary Carter,,,,
500140,2005-06-14 18:55:31,PNDG,SELL,0,NVDA,41,117.13,10088,George Miller,,,,
500141,2003-04-15 01:09:39,CMPT,LMT,0,TM,22,67.53,10189,Kimberly Miller,69.12,0.05,3.26,0.74
500142,2003-12-02 19:21:51,CMPT,SELL,0,CSCO,41,134.67,10081,Barbara Harris,134.25,2.18,8.2,2.14
500143,2004-11-23 13:11:44,PNDG,SELL,1,JPM,8,5.59,10110,Emily Davis,,,,
500144,2005-03-02 17:12:46,CNCL,SELL,1,INTC,6,124.94,10190,Ronald Robinson,,,,
500145,2003-09-23 07:03:03,CNCL,BUY,1,PYPL,16,115.12,10052,Laura Thomas,,,,
500146,2005-08-18 05:24:27,CMPT,BID,0,MA,12,1.0,10132,Edward Mitchell,1.0,2.73,7.14,2.56
500147,2004-01-20 15:14:03,CMPT,BUY,1,AMZN,8,38.39,10175,Joshua Thompson,38.85,5.77,4.9,0.0
500148,2004-06-04 22:04:58,CNCL,BUY,1,GOOGL,13,154.04,10196,Joseph Edwards,,,,
500149,2005-01-19 10:58:47,CNCL,MRKT,1,XOM,29,62.55,10069,Betty Harris,,,,
500150,2003-01-26 14:56:54,ACTV,LMT,1,IBM,8,79.0,10059,Timothy Campbell,,,,
500151,2004-09-20 09:13:09,PNDG,ASK,1,MA,24,27.77,10039,Amy Martin,,,,
500152,2004-11-19 01:59:49,CNCL,SELL,1,PEP,12,45.2,10139,Timothy Roberts,,,,
500153,2003-04-09 19:56:37,PNDG,BID,0,NKE,16,1.17,10191,Jason Robinson,,,,
500154,2004-03-14 12:23:42,ACTV,SELL,1,XOM,17,75.23,10215,Michael Davis,,,,
500155,2003-02-22 08:16:05,ACTV,BUY,1,XOM,11,146.8,10007,Ashley Mitchell,,,,
500156,2005-04-02 11:19:41,CNCL,ASK,0,COST,29,1.0,10119,Kevin Green,,,,
500157,2005-08-21 11:35:49,CNCL,LMT,1,PEP,27,149.07,10148,Deborah Collins,,,,
500158,2005-11-27 02:29:30,PNDG,ASK,0,COST,10,208.28,10028,James Stewart,,,,
500159,2004-03-01 07:35:18,CNCL,MRKT,0,XOM,15,200.54,10059,Sharon Nelson,,,,
500160,2003-03-13 16:48:13,CMPT,BUY,1,CRM,8,49.33,10032,Margaret Garcia,50.05,9.76,9.09,3.07
500161,2005-11-21 12:59:02,ACTV,SELL,0,META,9,17.24,10075,Joseph White,,,,
500162,2005-06-06 05:44:35,ACTV,LMT,1,CVX,11,215.02,10189,Sharon Clark,,,,
500163,2004-11-04 18:46:12,ACTV,ASK,1,NFLX,3,75.33,10078,Brian Collins,,,,
500164,2003-12-03 06:40:31,ACTV,LMT,1,MSFT,3,117.58,10097,Angela Torres,,,,
500165,2004-02-29 18:22:59,CMPT,MRKT,0,MSFT,24,23.01,10015,Paul Robinson,22.9,7.92,6.71,0.51
500166,2004-03-13 05:13:52,PNDG,LMT,1,WMT,5,1.0,10144,Laura Johnson,,,,
500167,2004-06-14 21:59:47,PNDG,SELL,0,BABA,23,57.77,10155,Susan Allen,,,,
500168,2003-07-09 00:12:23,CMPT,LMT,1,KO,28,170.69,10014,Deborah Turner,169.34,3.84,9.57,2.18
500169,2004-04-20 18:48:42,CMPT,SELL,1,NFLX,16,1.0,10066,Rebecca Collins,1.01,3.07,0.0,1.26
500170,2003-08-13 16:50:01,PNDG,BID,1,ORCL,18,256.8,10150,Sharon Allen,,,,
500171,2005-06-25 03:08:36,PNDG,MRKT,1,TSLA,10,16.92,10001,Elizabeth Lee,,,,
500172,2004-03-19 19:46:14,CMPT,ASK,1,KO,59,121.22,10164,Richard Anderson,120.84,2.63,3.69,3.77
500173,2004-12-31 22:30:30,CNCL,BID,1,CRM,11,72.35,10105,David Green,,,,
500174,2003-10-19 07:01:52,CNCL,BUY,1,MA,9,219.75,10022,Barbara Clark,,,,
500175,2005-09-22 17:13:25,CMPT,ASK,1,BABA,8,153.97,10113,Steven Nguyen,154.46,5.53,4.11,2.79
500176,2003-12-13 08:28:48,PNDG,BID,1,TSLA,41,106.35,10129,Robert Sanchez,,,,
500177,2005-05-20 12:13:04,PNDG,LMT,1,PEP,7,19.6,10188,Carol Martinez,,,,
500178,2003-01-14 01:30:58,PNDG,BID,1,COST,15,90.96,10214,Margaret Flores,,,,
500179,2003-01-09 05:17:26,PNDG,LMT,1,XOM,12,110.83,10142,Jason Lee,,,,
500180,2004-03-25 12:22:52,PNDG,MRKT,1,DIS,4,164.7,10174,Carol Lopez,,,,
500181,2003-02-24 22:26:30,PNDG,ASK,1,MA,15,104.78,10035,Ashley Moore,,,,
500182,2004-12-17 19:59:17,PNDG,LMT,1,MA,15,174.83,10006,Linda Perez,,,,
500183,2004-06-17 00:36:36,ACTV,ASK,0,XOM,13,50.48,10157,Lisa Phillips,,,,
500184,2003-01-25 10:02:32,PNDG,BID,1,KO,30,79.67,10138,David Hall,,,,
500185,2004-01-31 07:38:06,CMPT,LMT,1,AMZN,8,1.0,10020,Elizabeth Martin,1.0,2.7,5.29,2.54
500186,2005-06-13 09:36:21,ACTV,LMT,1,JPM,13,181.14,10015,Elizabeth Scott,,,,
500187,2003-11-01 15:48:09,PNDG,BUY,1,SAP,16,81.73,10023,Gary Campbell,,,,
500188,2004-01-03 21:44:08,ACTV,BID,1,BAC,10,74.48,10024,Jennifer Brown,,,,
500189,2003-02-14 11:56:06,PNDG,BUY,1,DIS,21,111.5,10010,David Miller,,,,
500190,2005-01-03 07:12:36,PNDG,BUY,1,XOM,10,169.14,10156,Daniel Sanchez,,,,
500191,2004-04-21 17:35:17,CMPT,LMT,0,MSFT,14,77.41,10115,David Lopez,76.01,5.96,7.79,2.06
500192,2004-12-19 22:47:35,ACTV,ASK,1,AMZN,9,51.66,10204,Jason Lewis,,,,
500193,2003-01-29 16:26:30,CNCL,BUY,1,AVGO,11,126.2,10148,Brian Sanchez,,,,
500194,2003-04-09 20:25:07,CMPT,ASK,1,WMT,12,99.87,10038,George Harris,99.31,5.75,7.77,1.1
500195,2003-01-10 18:12:56,PNDG,BID,1,AAPL,22,165.39,10166,Melissa Nelson,,,,
500196,2005-04-17 12:09:06,CMPT,MRKT,1,COST,23,100.85,10098,Daniel Morris,100.62,2.45,9.49,0.0
500197,2004-03-08 22:22:37,CNCL,MRKT,0,AAPL,10,86.21,10069,Daniel Adams,,,,
500198,2004-11-20 05:46:08,ACTV,BID,0,PYPL,24,109.96,10068,Ashley Cook,,,,
500199,2003-11-02 15:35:10,PNDG,MRKT,1,NVDA,6,10.13,10012,Jose Jackson,,,,
500200,2003-01-09 03:10:38,PNDG,BUY,1,BAC,8,117.46,10110,Sarah Stewart,,,,
500201,2005-06-23 09:20:33,PNDG,LMT,1,NVDA,13,96.17,10112,Carol White,,,,
500202,2004-09-04 07:48:35,CNCL,LMT,1,TSLA,8,95.29,10127,Sarah Turner,,,,
500203,2005-10-22 19:11:18,CNCL,MRKT,0,CRM,27,32.97,10131,Sandra Adams,,,,
500204,2005-08-26 04:19:05,CMPT,LMT,1,GOOGL,13,223.3,10103,Laura Baker,224.79,4.0,9.18,1.1
500205,2003-09-26 12:48:07,CNCL,SELL,1,CVX,13,218.78,10155,Ryan Allen,,,,
500206,2003-02-22 03:09:48,CMPT,BUY,1,NVDA,50,1.0,10123,Sandra Hill,1.01,9.29,5.2,2.31
500207,2003-06-14 10:35:41,CMPT,MRKT,0,KO,38,75.52,10184,William Adams,75.93,4.87,0.65,2.42
500208,2004-01-16 18:12:35,CMPT,BID,0,SONY,11,174.97,10031,David Murphy,179.37,6.5,5.79,2.54
500209,2004-04-03 09:06:32,CMPT,BUY,0,SONY,15,181.61,10122,David Murphy,178.47,2.43,0.25,2.73
500210,2003-05-10 22:58:02,PNDG,MRKT,1,CVX,13,65.19,10078,Susan Miller,,,,
500211,2004-10-02 02:12:03,PNDG,SELL,1,CVX,8,69.95,10121,Steven Parker,,,,
500212,2004-06-14 05:50:36,CNCL,MRKT,1,JPM,7,87.5,10051,Betty Stewart,,,,
500213,2005-08-21 17:05:47,CNCL,BID,1,PYPL,9,207.3,10036,Michael Scott,,,,
500214,2004-11-03 05:54:10,CNCL,BUY,0,KO,16,52.7,10151,Anthony Davis,,,,
500215,2005-10-18 21:12:01,PNDG,BID,1,TM,8,193.93,10036,Joshua Scott,,,,
500216,2003-02-28 11:34:19,ACTV,ASK,0,ORCL,18,130.66,10198,Charles Robinson,,,,
500217,2005-01-12 17:30:07,CMPT,MRKT,0,SAP,22,221.03,10145,Lisa Gonzalez,217.8,3.36,1.26,2.59
500218,2004-08-23 08:53:29,ACTV,ASK,1,TSLA,10,62.97,10077,Susan Scott,,,,
500219,2005-11-05 04:18:07,ACTV,LMT,0,IBM,7,158.39,10132,Amanda Jackson,,,,
500220,2003-01-04 09:42:19,ACTV,ASK,0,AMZN,12,72.86,10050,Sarah Lee,,,,
500221,2003-01-19 18:45:24,CMPT,BID,1,CSCO,32,36.77,10178,James Torres,36.21,10.71,5.79,1.35
500222,2004-04-04 03:42:04,CNCL,BUY,0,ORCL,8,100.42,10046,Donna Stewart,,,,
500223,2005-02-25 14:44:53,PNDG,BUY,0,MSFT,23,162.74,10083,Linda Evans,,,,
500224,2005-11-19 05:23:08,ACTV,BID,0,CRM,19,90.5,10070,Mary Brown,,,,
500225,2005-12-24 23:47:27,CNCL,SELL,1,CVX,4,129.81,10160,Edward White,,,,
500226,2005-01-27 09:17:12,CMPT,SELL,1,WMT,38,184.85,10092,Elizabeth Martinez,184.48,6.77,5.73,1.93
500227,2003-09-13 05:49:36,ACTV,MRKT,1,V,5,87.92,10204,Emily Young,,,,
500228,2003-01-31 02:06:54,CMPT,ASK,0,IBM,14,98.17,10140,Jessica Cook,99.08,9.14,11.36,1.63
500229,2005-01-01 08:47:30,PNDG,ASK,1,NVDA,8,64.31,10062,Margaret Perez,,,,
500230,2004-03-31 01:46:55,CMPT,MRKT,0,AVGO,6,112.38,10011,Sharon Williams,112.95,5.4,7.64,2.19
500231,2004-02-10 02:31:49,CNCL,BUY,1,SONY,12,58.04,10047,Ronald Garcia,,,,
500232,2005-05-17 11:13:58,PNDG,MRKT,1,TSLA,45,183.33,10021,Jessica Baker,,,,
500233,2005-06-03 11:48:25,PNDG,LMT,1,META,7,46.63,10079,Sharon Hernandez,,,,
500234,2003-09-08 23:35:38,ACTV,LMT,1,DIS,8,112.31,10128,Charles Allen,,,,
500235,2003-07-29 18:57:57,PNDG,MRKT,0,SAP,32,181.04,10013,David Anderson,,,,
500236,2004-06-14 16:31:29,PNDG,SELL,1,NVDA,28,186.15,10111,James Hall,,,,
500237,2003-07-26 07:13:22,CNCL,BUY,1,CSCO,29,161.57,10102,Lisa Perez,,,,
500238,2004-11-07 08:06:15,PNDG,ASK,1,GOOGL,18,101.67,10170,George Edwards,,,,
500239,2003-06-23 02:33:54,CMPT,MRKT,0,AMZN,3,100.95,10040,Thomas Murphy,103.13,3.81,4.94,3.22
500240,2005-10-25 17:47:01,ACTV,SELL,1,SONY,14,76.4,10098,Brian Cook,,,,
500241,2005-07-06 10:37:45,PNDG,MRKT,1,TSLA,40,153.69,10208,William Martinez,,,,
500242,2003-09-18 00:54:56,ACTV,MRKT,0,NFLX,22,70.48,10112,Jason Rivera,,,,
500243,2003-08-20 11:43:30,CMPT,BUY,1,IBM,19,136.35,10020,Donna Campbell,137.62,7.53,10.72,2.2
500244,2005-01-21 14:48:20,PNDG,SELL,1,BABA,21,29.84,10044,Donald Lopez,,,,
500245,2005-06-01 08:33:47,CNCL,LMT,1,WMT,21,157.9,10024,Melissa Davis,,,,
500246,2003-07-08 08:02:46,ACTV,SELL,1,AAPL,10,55.84,10098,Angela Thompson,,,,
500247,2004-10-13 20:21:14,CMPT,LMT,1,AVGO,12,25.06,10079,Karen King,25.16,5.65,3.87,2.06
500248,2004-11-21 04:36:03,CMPT,BID,0,XOM,28,184.38,10187,Michelle Moore,186.62,4.67,5.88,1.53
500249,2005-10-28 00:48:53,CMPT,ASK,1,CSCO,20,274.63,10033,John Wright,279.26,8.49,11.45,0.06
500250,2005-07-02 13:39:11,PNDG,SELL,1,COST,11,79.71,10031,Andrew Jackson,,,,
500251,2003-03-07 09:20:58,CMPT,BID,0,COST,32,228.19,10213,Edward Lewis,226.37,5.09,8.84,1.41
500252,2004-09-19 16:33:59,CNCL,BUY,1,XOM,8,62.58,10182,Edward Adams,,,,
500253,2005-06-04 23:49:58,CNCL,LMT,1,SONY,25,46.36,10060,George Johnson,,,,
500254,2004-11-30 13:07:46,PNDG,BUY,0,CSCO,29,116.08,10016,Kenneth King,,,,
500255,2004-04-14 12:23:36,ACTV,ASK,0,KO,22,218.15,10079,Edward Turner,,,,
500256,2005-09-25 03:43:01,CNCL,SELL,1,XOM,8,52.83,10048,Rebecca Young,,,,
500257,2004-11-25 15:17:46,PNDG,BID,1,AVGO,18,37.79,10034,Elizabeth Lee,,,,
500258,2004-01-11 05:44:42,ACTV,BID,0,PEP,8,102.06,10165,Sharon Baker,,,,
500259,2003-03-17 06:18:03,PNDG,ASK,0,AMZN,15,22.96,10085,Richard Martinez,,,,
500260,2005-11-08 04:20:41,PNDG,BID,0,JPM,10,150.77,10096,Paul Sanchez,,,,
500261,2003-02-11 14:16:14,PNDG,SELL,0,CVX,34,1.0,10066,Jason Smith,,,,
500262,2004-10-19 12:07:20,ACTV,LMT,1,BAC,33,171.6,10030,Michelle Rivera,,,,
500263,2004-04-19 10:41:48,CMPT,SELL,1,META,6,7.33,10006,Joseph Walker,7.37,4.08,7.45,3.03
500264,2004-10-21 04:24:56,CNCL,MRKT,0,GOOGL,10,121.33,10148,Kimberly Adams,,,,
500265,2005-11-10 16:45:21,CMPT,SELL,0,JPM,18,172.01,10024,Donald Martin,175.63,8.73,7.79,1.72
500266,2003-02-01 08:18:36,PNDG,BID,0,JPM,70,154.65,10093,Jessica Adams,,,,
500267,2004-11-14 21:22:51,ACTV,ASK,1,IBM,18,33.29,10063,Kimberly Turner,,,,
500268,2004-07-05 17:05:23,ACTV,ASK,1,COST,23,55.88,10078,Patricia Nelson,,,,
500269,2003-12-25 21:48:57,PNDG,MRKT,0,COST,9,17.01,10059,David Phillips,,,,
500270,2005-06-20 03:18:40,CMPT,ASK,1,V,9,114.35,10067,George Smith,112.3,3.04,6.74,0.49
500271,2004-01-12 13:25:56,PNDG,ASK,1,AAPL,5,52.08,10024,Paul Robinson,,,,
500272,2004-12-13 18:47:26,CMPT,LMT,1,XOM,5,152.81,10180,Michael Allen,151.0,6.69,10.04,0.57
500273,2005-01-31 10:34:03,PNDG,SELL,1,ORCL,13,76.65,10030,Matthew Edwards,,,,
500274,2004-07-15 10:20:22,CNCL,MRKT,1,NVDA,6,86.68,10158,Amy Davis,,,,
500275,2004-11-01 05:00:29,ACTV,LMT,1,KO,11,159.57,10137,Nancy Hernandez,,,,
500276,2004-03-31 14:38:14,CMPT,SELL,1,AAPL,27,33.28,10093,Brian Wright,33.12,6.16,10.87,0.0
500277,2004-06-13 08:28:23,PNDG,LMT,0,NFLX,32,98.28,10104,David Evans,,,,
500278,2003-04-30 01:02:49,CNCL,SELL,0,CVX,39,80.43,10209,Amanda Sanchez,,,,
500279,2005-08-25 07:11:30,CMPT,BUY,1,NFLX,7,113.14,10128,George Lopez,114.72,5.07,0.0,2.82
500280,2005-10-24 04:57:26,CNCL,LMT,1,DIS,4,41.65,10166,Charles Scott,,,,
500281,2005-09-16 22:26:57,CNCL,SELL,0,JPM,5,1.0,10184,Karen Martin,,,,
500282,2004-03-31 16:06:42,CMPT,MRKT,1,MA,5,40.99,10140,Ronald Edwards,40.69,4.88,5.9,0.22
500283,2003-12-03 02:09:44,ACTV,BUY,0,META,11,178.09,10115,Donna Cook,,,,
500284,2003-10-30 09:44:31,ACTV,SELL,0,TSLA,26,119.43,10132,Mary Flores,,,,
500285,2003-06-28 16:31:36,CMPT,SELL,0,IBM,20,172.46,10113,Daniel Morris,175.28,8.73,5.94,1.67
500286,2003-02-23 04:47:41,ACTV,BID,1,KO,37,219.27,10155,Jose Jones,,,,
500287,2003-09-05 01:50:31,CNCL,LMT,1,DIS,39,1.0,10185,Brian Moore,,,,
500288,2003-06-28 07:27:36,CNCL,MRKT,1,AVGO,11,1.0,10189,Emily Cook,,,,
500289,2004-08-09 08:17:19,PNDG,BUY,0,V,22,113.89,10016,Michelle Hill,,,,
500290,2005-02-21 19:45:46,PNDG,ASK,0,NKE,13,100.36,10037,Amy Gonzalez,,,,
500291,2004-07-29 09:51:27,CNCL,SELL,1,IBM,33,89.48,10057,Betty Williams,,,,
500292,2005-06-19 13:24:22,CNCL,MRKT,1,NKE,27,148.75,10056,Paul Young,,,,
500293,2005-01-01 14:36:26,CNCL,SELL,0,ORCL,17,142.38,10193,Ashley Campbell,,,,
500294,2003-11-17 19:06:06,CMPT,ASK,1,WMT,14,33.44,10104,Steven Allen,33.73,6.57,6.53,2.88
500295,2004-05-24 12:51:46,CNCL,BID,1,META,25,20.29,10051,Matthew Green,,,,
500296,2005-02-10 21:36:00,PNDG,BID,0,ORCL,12,78.97,10073,Laura Smith,,,,
500297,2004-06-04 05:01:07,CMPT,LMT,0,BAC,7,132.56,10078,Charles Baker,131.22,4.04,7.81,2.42
500298,2005-06-10 17:00:19,PNDG,LMT,1,CRM,16,266.37,10202,Richard Edwards,,,,
500299,2003-12-19 18:33:09,CMPT,BID,1,WMT,9,127.51,10106,Carol Collins,125.66,6.06,10.81,3.46
500300,2003-11-01 03:37:55,CMPT,LMT,1,NFLX,8,90.44,10072,David Walker,91.81,4.79,10.16,0.83
500301,2005-06-19 23:30:45,ACTV,BUY,1,PYPL,35,181.91,10050,Sharon Collins,,,,
500302,2003-07-28 19:35:04,CNCL,SELL,1,CRM,18,54.1,10010,Kevin Campbell,,,,
500303,2003-12-19 23:36:03,ACTV,BID,1,PEP,12,120.59,10147,Steven Phillips,,,,
500304,2003-11-19 11:10:40,ACTV,BID,1,WMT,16,102.67,10165,Patricia Evans,,,,
500305,2004-02-09 09:02:39,CNCL,BUY,1,ORCL,11,123.47,10013,Thomas Evans,,,,
500306,2004-01-09 09:06:56,PNDG,BID,1,AAPL,35,1.0,10126,Joseph White,,,,
500307,2005-04-26 04:09:12,ACTV,BUY,1,INTC,5,1.86,10186,Nancy Mitchell,,,,
500308,2005-10-01 00:50:24,CNCL,SELL,0,INTC,8,1.0,10179,John Lee,,,,
500309,2005-12-28 14:17:20,PNDG,BID,0,INTC,19,116.7,10106,Robert Flores,,,,
500310,2005-06-21 15:54:49,CMPT,BID,0,COST,11,62.29,10132,Ryan Clark,62.41,5.39,8.09,1.13
500311,2005-04-14 07:41:08,CMPT,MRKT,0,AMZN,21,7.2,10211,Sandra Torres,7.31,0.0,5.04,0.56
500312,2005-11-07 04:18:38,CNCL,LMT,1,NVDA,23,6.04,10143,Rebecca Stewart,,,,
500313,2003-01-28 09:25:31,CMPT,LMT,1,PYPL,48,1.88,10003,Amy Gonzalez,1.93,5.99,7.1,2.52
500314,2004-09-06 15:48:09,PNDG,SELL,0,ORCL,62,172.52,10034,Brian Smith,,,,
500315,2005-02-21 16:04:44,CMPT,MRKT,1,MA,2,193.6,10006,Nancy Jones,194.14,1.44,9.51,0.55
500316,2003-06-11 10:26:48,CNCL,BID,0,GOOGL,15,126.33,10172,Jason Wright,,,,
500317,2003-08-25 03:20:19,ACTV,BID,0,TSLA,8,155.33,10042,Stephanie Campbell,,,,
500318,2004-01-03 22:26:02,PNDG,LMT,1,ADBE,6,123.38,10181,Rebecca Davis,,,,
500319,2004-09-06 17:44:06,ACTV,ASK,1,AVGO,9,97.21,10119,Margaret Cook,,,,
500320,2004-10-20 17:29:04,CNCL,ASK,1,CVX,51,117.84,10052,Amy Davis,,,,
500321,2005-07-08 09:33:32,PNDG,SELL,0,SAP,6,101.79,10167,Anthony Carter,,,,
500322,2003-11-09 21:57:54,CMPT,ASK,0,DIS,7,111.85,10093,Sarah Morris,112.07,5.19,7.28,1.35
500323,2003-02-04 15:09:16,PNDG,BUY,0,NVDA,18,184.02,10032,Brian Murphy,,,,
500324,2005-06-19 02:17:46,PNDG,BUY,0,META,8,105.91,10151,Karen Allen,,,,
500325,2005-02-07 13:15:23,ACTV,ASK,1,BAC,14,197.76,10005,Mary Johnson,,,,
500326,2003-06-16 03:17:46,ACTV,MRKT,0,SAP,28,58.9,10057,William Jackson,,,,
500327,2005-06-22 09:10:14,ACTV,BID,0,IBM,14,5.42,10107,Joshua Mitchell,,,,
500328,2005-04-16 11:06:57,ACTV,BUY,1,AMZN,6,111.05,10140,Margaret Jones,,,,
500329,2004-07-22 18:05:28,PNDG,SELL,1,TM,20,176.81,10056,Mary Jackson,,,,
500330,2004-09-04 20:02:28,ACTV,LMT,1,BABA,10,15.29,10084,Michael Phillips,,,,
500331,2004-04-13 13:25:32,CNCL,BID,1,JPM,17,97.89,10088,Edward Martin,,,,
500332,2005-11-16 09:58:08,PNDG,ASK,0,IBM,18,121.21,10106,Thomas Parker,,,,
500333,2004-02-22 04:54:43,ACTV,MRKT,0,BAC,22,155.82,10206,Jennifer Taylor,,,,
500334,2005-01-08 09:26:02,PNDG,ASK,0,SAP,24,77.86,10045,Barbara Rivera,,,,
500335,2003-08-02 06:42:55,PNDG,LMT,1,COST,27,74.79,10077,John Morris,,,,
500336,2005-03-11 15:28:03,CNCL,BID,1,SAP,14,240.24,10101,Betty Nelson,,,,
500337,2005-03-21 06:50:31,CNCL,SELL,1,CVX,17,28.37,10132,Emily Robinson,,,,
500338,2004-05-07 02:46:14,CNCL,BID,1,NFLX,38,180.01,10021,Rebecca Turner,,,,
500339,2004-10-01 21:53:42,CMPT,SELL,1,XOM,29,123.8,10086,David Garcia,124.31,4.49,4.69,3.84
500340,2005-12-21 07:43:09,ACTV,BID,1,COST,10,76.35,10146,Kimberly Martinez,,,,
500341,2004-04-03 11:58:54,ACTV,BID,1,TM,9,240.36,10142,Sarah Wilson,,,,
500342,2005-06-10 08:00:25,ACTV,ASK,0,CVX,24,84.25,10004,Donald Collins,,,,
500343,2003-01-01 03:25:10,CNCL,ASK,1,INTC,13,145.73,10202,Jessica Johnson,,,,
500344,2005-05-09 21:11:24,PNDG,SELL,0,NVDA,24,1.0,10119,Charles Wilson,,,,
500345,2003-03-07 04:32:12,PNDG,LMT,0,MSFT,25,94.74,10096,Emily Martinez,,,,
500346,2005-08-05 09:40:45,CMPT,ASK,0,PEP,8,82.68,10040,Richard Garcia,83.47,8.87,7.49,2.67
500347,2004-11-18 21:48:56,CNCL,SELL,1,CRM,7,144.39,10147,Joshua Baker,,,,
500348,2005-01-30 18:27:12,CNCL,BUY,0,META,23,5.84,10129,Thomas Rivera,,,,
500349,2004-06-16 09:58:45,PNDG,MRKT,1,CRM,9,165.36,10166,Donald Robinson,,,,
500350,2004-10-12 03:59:51,CMPT,BUY,0,NFLX,3,83.83,10146,Deborah Baker,84.43,1.28,5.69,2.07
500351,2003-09-19 07:37:41,PNDG,SELL,1,BAC,25,20.49,10181,Brian Perez,,,,
500352,2005-07-01 17:33:02,CMPT,LMT,1,GOOGL,29,131.4,10086,Ryan Brown,133.29,7.56,8.12,2.58
500353,2003-05-18 16:28:36,PNDG,BUY,1,MSFT,3,15.49,10020,Deborah Clark,,,,
500354,2005-04-27 08:26:46,PNDG,BUY,1,BAC,6,85.64,10023,Jessica Perez,,,,
500355,2005-05-01 14:23:03,ACTV,LMT,0,AMZN,25,1.0,10126,Daniel Williams,,,,
500356,2004-02-19 08:03:54,ACTV,BUY,1,KO,10,17.51,10111,Michael Evans,,,,
500357,2005-09-30 17:57:04,PNDG,BUY,1,XOM,4,213.38,10109,Donna Lee,,,,
500358,2004-06-19 14:54:16,PNDG,ASK,1,TSLA,14,224.46,10099,Michael Young,,,,
500359,2003-07-29 18:07:58,ACTV,MRKT,1,CRM,30,45.5,10169,Linda Campbell,,,,
500360,2004-09-14 01:39:58,CNCL,LMT,1,CSCO,3,254.91,10197,Brian Murphy,,,,
500361,2004-05-21 12:47:34,ACTV,ASK,0,NKE,10,29.88,10122,Charles Green,,,,
500362,2003-04-18 12:04:51,CMPT,MRKT,1,V,21,119.55,10158,Sharon Parker,118.59,4.24,7.53,2.09
500363,2003-03-01 15:40:20,CMPT,MRKT,1,NKE,22,85.26,10145,Michelle Campbell,84.91,6.32,8.03,3.31
500364,2005-12-28 01:38:35,ACTV,LMT,0,TM,11,103.12,10163,Elizabeth Lee,,,,
500365,2003-05-03 08:53:46,CMPT,LMT,1,MSFT,5,214.94,10180,Laura Taylor,211.35,5.44,4.06,2.4
500366,2004-04-08 19:15:09,CMPT,MRKT,0,MA,22,1.0,10098,Laura Roberts,1.0,1.14,11.63,1.47
500367,2004-05-21 15:59:45,CMPT,BID,1,CVX,4,60.86,10026,Laura Lewis,61.82,8.27,11.19,1.06
500368,2004-08-14 13:29:47,CNCL,MRKT,1,MSFT,12,224.43,10143,Jason Young,,,,
500369,2003-12-01 00:02:04,ACTV,MRKT,1,ADBE,8,86.57,10032,Daniel Perez,,,,
500370,2003-10-02 11:03:13,ACTV,MRKT,1,GOOGL,6,28.51,10098,Gary Phillips,,,,
500371,2003-10-21 17:44:18,CMPT,SELL,1,JPM,31,154.15,10193,Laura Martin,154.98,6.28,10.37,3.81
500372,2003-04-22 09:24:14,PNDG,SELL,0,META,13,86.14,10001,Kevin King,,,,
500373,2003-09-22 06:44:26,PNDG,LMT,0,MA,6,185.76,10084,Amanda Martinez,,,,
500374,2005-07-06 10:02:08,CMPT,MRKT,0,SONY,9,5.38,10146,William Flores,5.36,5.05,9.75,3.2
500375,2004-05-11 00:44:26,CNCL,SELL,1,JPM,8,53.98,10039,Stephanie Smith,,,,
500376,2004-07-31 16:59:31,ACTV,ASK,1,DIS,10,25.2,10026,Jennifer Thompson,,,,
500377,2003-11-28 07:33:00,ACTV,BUY,1,TSLA,12,142.28,10047,Jose Nelson,,,,
500378,2004-05-20 16:31:10,PNDG,ASK,1,AMZN,13,1.0,10033,Linda Johnson,,,,
500379,2004-05-10 21:23:53,CNCL,LMT,1,CRM,5,200.01,10052,Jason Robinson,,,,
500380,2003-09-18 14:01:11,PNDG,BID,0,TSLA,6,161.69,10180,Charles Jackson,,,,
500381,2005-06-13 11:50:44,CMPT,BID,0,AVGO,20,87.46,10055,Angela Stewart,86.41,5.46,4.08,1.79
500382,2004-09-13 13:49:47,PNDG,BUY,1,NVDA,14,59.82,10124,Robert Torres,,,,
500383,2004-06-09 18:00:15,ACTV,ASK,0,SONY,11,88.41,10110,Joseph Allen,,,,
500384,2003-11-17 18:36:37,ACTV,SELL,1,CRM,5,96.66,10165,Steven Stewart,,,,
500385,2004-12-03 13:41:36,ACTV,MRKT,0,JPM,8,1.0,10215,Sharon Sanchez,,,,
500386,2005-04-20 18:44:57,CNCL,BID,1,BAC,10,90.19,10079,Donald Evans,,,,
500387,2005-09-05 22:17:05,CNCL,SELL,0,BAC,8,1.0,10199,Kevin Allen,,,,
500388,2003-02-21 09:59:56,CMPT,BID,1,PYPL,23,157.85,10106,Margaret Carter,159.08,5.71,2.85,2.15
500389,2004-02-07 03:22:35,CMPT,LMT,1,NVDA,7,263.13,10106,Karen Harris,261.49,6.47,1.88,0.58
500390,2005-07-19 23:03:17,PNDG,BID,1,CRM,9,159.18,10096,Michael Anderson,,,,
500391,2003-08-24 21:14:04,CNCL,ASK,0,AVGO,19,130.17,10133,Joshua Clark,,,,
500392,2005-11-04 19:45:39,CNCL,BID,0,CRM,3,189.2,10062,Anthony Lee,,,,
500393,2005-07-02 01:21:11,CMPT,MRKT,0,PYPL,7,223.08,10188,Brian Brown,228.08,6.82,10.26,0.49
500394,2004-12-09 10:51:02,CMPT,SELL,1,NVDA,81,125.25,10015,Ashley Roberts,126.75,3.11,6.79,0.58
500395,2005-04-18 19:24:09,ACTV,BUY,1,TSLA,11,111.08,10138,Barbara Nelson,,,,
500396,2005-02-17 05:33:49,ACTV,BID,1,V,16,207.71,10024,Elizabeth Scott,,,,
500397,2004-04-04 04:31:35,PNDG,BUY,0,GOOGL,18,127.06,10110,Daniel Williams,,,,
500398,2004-07-25 13:31:12,CNCL,SELL,1,AVGO,13,250.73,10104,Barbara Robinson,,,,
500399,2005-07-17 12:39:16,PNDG,MRKT,1,BAC,8,193.17,10209,Ronald Scott,,,,
500400,2005-01-12 09:57:24,ACTV,LMT,1,IBM,3,48.55,10078,Emily Perez,,,,
500401,2004-10-15 00:28:09,PNDG,ASK,0,AAPL,17,98.73,10159,Jason Green,,,,
500402,2005-10-19 08:27:28,CMPT,BID,1,INTC,110,290.56,10078,Edward Green,285.26,2.64,6.53,4.09
500403,2005-09-05 20:51:47,PNDG,LMT,1,PEP,29,132.92,10195,Jennifer Collins,,,,
500404,2003-03-02 21:27:07,CNCL,LMT,1,CVX,5,50.91,10193,Ashley Wilson,,,,
500405,2004-03-04 17:48:57,CMPT,ASK,0,GOOGL,2,2.56,10167,Daniel Walker,2.57,6.74,2.71,2.13
500406,2004-06-14 10:38:09,PNDG,LMT,0,BAC,42,121.72,10178,Laura Campbell,,,,
500407,2004-02-26 10:22:43,CMPT,MRKT,1,PYPL,10,153.15,10217,Edward Murphy,154.13,5.19,5.25,1.5
500408,2005-03-26 12:29:13,CNCL,BUY,0,MSFT,14,71.91,10080,Matthew Murphy,,,,
500409,2003-10-28 06:17:49,CNCL,LMT,0,CSCO,34,172.87,10148,Linda White,,,,
500410,2003-07-17 11:02:46,PNDG,MRKT,0,SONY,28,252.3,10038,Sarah Adams,,,,
500411,2004-12-04 09:16:53,CNCL,SELL,0,AAPL,40,209.64,10073,Joseph Lee,,,,
500412,2005-05-31 09:34:26,CNCL,BUY,1,KO,17,96.84,10205,Charles Smith,,,,
500413,2003-10-09 07:43:21,CNCL,BUY,1,XOM,67,63.16,10070,Nancy Davis,,,,
500414,2004-05-27 03:09:25,CNCL,ASK,1,AVGO,8,49.45,10110,Lisa King,,,,
500415,2003-03-29 12:30:26,CNCL,MRKT,1,CSCO,15,139.59,10211,Emily Lopez,,,,
500416,2003-10-02 08:53:33,ACTV,MRKT,1,SONY,27,94.55,10085,Jessica Cook,,,,
500417,2003-03-10 07:10:27,PNDG,SELL,1,IBM,4,132.59,10064,Matthew Collins,,,,
500418,2003-04-29 07:00:08,PNDG,ASK,0,INTC,26,112.51,10171,Richard Williams,,,,
500419,2003-06-25 09:58:53,PNDG,BUY,1,PEP,12,149.66,10011,Elizabeth Allen,,,,
500420,2003-07-17 18:49:10,CMPT,ASK,1,WMT,36,105.65,10045,Karen Wilson,103.85,3.77,6.47,0.0
500421,2005-08-21 02:52:35,PNDG,BID,1,COST,23,56.51,10086,Susan Roberts,,,,
500422,2005-09-27 07:17:32,ACTV,MRKT,1,SAP,19,123.83,10126,George Edwards,,,,
500423,2004-04-04 21:52:25,CMPT,BID,0,META,10,224.14,10192,Michael Gonzalez,222.64,3.53,7.97,3.01
500424,2004-10-12 13:10:10,ACTV,ASK,1,NVDA,13,41.34,10186,Ronald Wright,,,,
500425,2005-02-26 16:51:11,CNCL,BID,1,COST,21,152.36,10161,Karen Parker,,,,
500426,2004-01-20 17:48:48,CMPT,BUY,0,NFLX,57,94.63,10007,Gary Thompson,94.87,3.75,2.09,2.09
500427,2004-01-21 02:18:45,ACTV,MRKT,1,NVDA,24,39.12,10109,Kenneth Rodriguez,,,,
500428,2005-06-17 21:39:49,ACTV,BID,1,SONY,8,27.76,10125,Mark Cook,,,,
500429,2003-03-26 09:51:41,CMPT,ASK,1,BAC,34,65.72,10136,Deborah Collins,66.18,3.1,7.25,1.25
500430,2003-02-27 23:09:05,PNDG,SELL,0,BABA,2,115.45,10038,Mark White,,,,
500431,2005-06-09 15:15:37,ACTV,MRKT,0,AMZN,19,1.0,10001,Ashley Nguyen,,,,
500432,2003-03-28 14:45:10,PNDG,ASK,0,BAC,11,79.72,10188,Barbara Martinez,,,,
500433,2003-09-27 18:20:04,CNCL,BID,1,CSCO,6,92.41,10104,Jennifer Thomas,,,,
500434,2005-01-15 20:44:52,CMPT,MRKT,1,META,3,127.54,10166,Kimberly Wilson,129.36,2.22,6.78,3.71
500435,2004-11-03 08:25:20,ACTV,SELL,1,MA,14,73.7,10024,Patricia Clark,,,,
500436,2005-09-05 17:38:05,CNCL,ASK,0,ORCL,7,122.45,10024,Ronald Campbell,,,,
500437,2005-08-07 17:07:14,CNCL,BUY,1,DIS,12,154.21,10037,Emily Parker,,,,
500438,2003-08-31 07:39:06,ACTV,BUY,0,AVGO,4,185.39,10086,Edward Mitchell,,,,
500439,2005-12-01 18:47:06,ACTV,LMT,1,WMT,10,154.98,10166,Carol Moore,,,,
500440,2005-05-12 20:50:49,CNCL,SELL,1,AMZN,8,19.14,10127,Margaret Green,,,,
500441,2004-05-06 20:25:29,PNDG,MRKT,1,XOM,9,43.19,10111,Elizabeth Ramirez,,,,
500442,2003-07-05 16:02:30,ACTV,BID,1,MSFT,10,155.35,10077,Betty Young,,,,
500443,2003-09-03 13:21:43,ACTV,SELL,1,GOOGL,28,124.25,10152,Elizabeth Collins,,,,
500444,2004-08-08 16:56:17,CMPT,BUY,1,MA,9,78.41,10182,Amy Nelson,78.97,7.5,5.93,1.85
500445,2005-08-19 16:10:39,CMPT,BUY,0,CVX,7,124.48,10066,Barbara Phillips,125.91,0.0,7.84,1.34
500446,2005-01-18 04:09:50,PNDG,MRKT,0,PEP,2,131.96,10203,Jose Martinez,,,,
500447,2004-03-17 02:29:51,PNDG,LMT,0,AVGO,12,135.85,10109,Jason Morris,,,,
500448,2003-09-24 03:37:45,PNDG,ASK,0,AAPL,5,259.6,10196,Jessica Allen,,,,
500449,2003-09-07 21:23:29,CNCL,ASK,0,INTC,14,85.98,10187,Susan Torres,,,,
500450,2005-06-19 22:16:48,CNCL,LMT,1,NFLX,39,155.66,10024,Edward Jones,,,,
500451,2003-02-08 04:02:00,CMPT,ASK,1,SONY,24,191.43,10156,Kevin Allen,186.67,8.67,5.85,2.34
500452,2005-07-06 04:31:21,CMPT,MRKT,1,MA,25,60.14,10009,David Collins,60.37,6.68,6.86,2.59
500453,2003-11-01 18:45:37,CNCL,BID,0,BABA,4,26.55,10159,Donald Turner,,,,
500454,2004-06-20 15:58:13,CMPT,MRKT,1,ORCL,6,135.98,10076,Donna Gonzalez,142.09,5.58,6.51,1.92
500455,2004-11-11 06:18:51,PNDG,BID,0,ADBE,26,159.97,10055,Gary Walker,,,,
500456,2005-01-17 01:45:46,CNCL,LMT,1,CRM,6,181.19,10040,Barbara Murphy,,,,
500457,2004-02-28 13:53:01,CMPT,SELL,1,BABA,13,167.33,10175,Timothy Murphy,163.32,1.58,8.97,0.0
500458,2005-08-01 18:40:19,CMPT,SELL,0,ORCL,17,133.67,10179,Carol Perez,133.9,5.78,7.88,2.54
500459,2004-06-27 00:05:11,ACTV,SELL,1,CRM,10,108.47,10198,Thomas Garcia,,,,
500460,2004-08-30 20:01:32,CMPT,BID,1,PYPL,104,189.58,10211,Charles Parker,190.97,5.86,4.6,2.27
500461,2003-04-22 20:36:06,ACTV,MRKT,1,JPM,11,176.23,10089,Mary Hernandez,,,,
500462,2003-06-10 22:54:23,CMPT,SELL,0,CRM,7,1.0,10136,Ashley Wright,0.99,6.53,15.11,3.23
500463,2005-07-19 01:40:26,ACTV,BID,0,V,6,94.67,10088,Betty Adams,,,,
500464,2004-08-31 03:40:08,CNCL,MRKT,1,SAP,6,96.93,10201,Charles Moore,,,,
500465,2004-04-24 01:34:47,PNDG,MRKT,1,NVDA,7,1.0,10023,Matthew Torres,,,,
500466,2004-11-26 09:47:53,CMPT,LMT,0,IBM,18,123.7,10112,Angela Green,123.45,5.76,13.71,2.14
500467,2005-11-11 10:44:58,ACTV,MRKT,1,NFLX,10,170.63,10133,Emily Lopez,,,,
500468,2005-11-18 18:43:04,PNDG,SELL,1,COST,4,162.75,10095,Rebecca Nguyen,,,,
500469,2005-02-01 03:08:09,CNCL,LMT,1,MSFT,7,52.83,10011,Amy Martinez,,,,
500470,2004-01-12 04:41:25,ACTV,BID,1,V,14,227.06,10016,Paul Baker,,,,
500471,2003-11-15 19:45:09,CMPT,BID,1,TM,7,176.67,10105,William Lewis,177.47,1.94,10.02,1.01
500472,2004-01-05 04:37:13,CMPT,ASK,1,V,4,54.6,10104,Emily Lee,54.12,6.3,4.58,3.79
500473,2005-01-27 03:11:53,PNDG,MRKT,0,KO,15,59.7,10104,Angela Mitchell,,,,
500474,2003-08-29 20:39:31,ACTV,MRKT,1,SONY,7,125.95,10196,Elizabeth Stewart,,,,
500475,2003-02-08 19:35:44,CMPT,BUY,0,META,3,1.0,10105,Melissa Cook,0.99,6.39,7.59,2.03
500476,2004-06-16 11:33:11,CNCL,SELL,1,AMZN,11,1.0,10204,George Davis,,,,
500477,2003-11-11 16:38:00,ACTV,LMT,1,NKE,10,1.0,10088,Nancy Martin,,,,
500478,2003-07-27 11:27:10,PNDG,BID,1,AMZN,24,109.39,10132,Amanda Collins,,,,
500479,2005-01-12 16:21:44,ACTV,SELL,1,BABA,12,137.92,10142,Laura Collins,,,,
500480,2004-02-04 23:54:58,ACTV,BUY,1,CRM,16,126.27,10022,Laura Cook,,,,
500481,2004-01-05 14:56:13,CMPT,SELL,1,NVDA,17,68.76,10142,Michael Baker,67.66,5.75,11.77,3.21
500482,2005-06-24 23:19:52,ACTV,SELL,0,AAPL,11,152.85,10173,Joseph Smith,,,,
500483,2003-11-09 13:44:28,PNDG,SELL,1,WMT,9,136.92,10194,Steven Phillips,,,,
500484,2004-04-20 11:30:14,PNDG,MRKT,1,V,8,119.83,10215,Sharon Phillips,,,,
500485,2003-09-16 22:42:01,CNCL,SELL,0,AVGO,54,164.07,10112,Carol Smith,,,,
500486,2005-09-29 20:05:38,CNCL,BUY,0,WMT,38,55.86,10183,Steven Rivera,,,,
500487,2005-02-02 20:38:21,PNDG,LMT,1,MSFT,8,107.23,10102,John Murphy,,,,
500488,2003-07-01 20:45:05,CMPT,BID,1,ADBE,19,95.4,10020,Thomas Adams,96.56,3.79,11.49,3.16
500489,2005-06-29 19:37:34,CNCL,MRKT,1,AVGO,6,150.81,10021,Kimberly Hill,,,,
500490,2004-03-21 15:41:15,ACTV,ASK,0,TSLA,11,181.31,10125,Paul Thompson,,,,
500491,2005-05-15 07:35:39,CMPT,SELL,1,IBM,9,131.78,10139,Joseph Perez,132.64,0.0,0.8,2.15
500492,2004-08-09 02:03:25,PNDG,MRKT,0,AAPL,12,181.1,10071,Karen Murphy,,,,
500493,2005-03-08 21:44:56,CMPT,LMT,1,V,15,21.04,10144,Steven Robinson,21.12,3.35,6.24,1.39
500494,2005-04-01 01:27:34,CNCL,ASK,0,META,17,10.47,10074,Barbara Green,,,,
500495,2005-09-27 06:23:54,CNCL,BID,0,INTC,6,1.0,10008,Deborah Flores,,,,
500496,2004-11-04 00:13:39,PNDG,BID,1,PEP,60,40.08,10029,Kenneth Carter,,,,
500497,2004-11-23 12:01:28,CMPT,BID,0,KO,7,29.16,10217,Barbara Turner,28.93,4.04,9.03,2.21
500498,2003-05-10 16:48:38,ACTV,SELL,1,MA,16,68.62,10151,James White,,,,
500499,2005-12-31 09:23:33,ACTV,BID,1,KO,12,195.23,10105,Robert Wright,,,,
500500,2005-01-08 02:39:13,CNCL,MRKT,0,CVX,13,131.39,10144,Jose Parker,,,,
500501,2005-05-02 00:53:33,ACTV,BID,1,TM,3,146.15,10089,Lisa Brown,,,,
500502,2005-12-19 23:45:24,CNCL,BUY,0,NKE,16,200.13,10061,Robert Wright,,,,
500503,2003-07-20 05:13:39,PNDG,LMT,1,TSLA,1,111.54,10090,Donald Turner,,,,
500504,2005-12-26 10:00:33,PNDG,LMT,0,KO,12,115.33,10046,Brian Roberts,,,,
500505,2004-02-12 03:05:29,ACTV,MRKT,0,MSFT,8,123.87,10105,Elizabeth Phillips,,,,
500506,2004-12-04 06:44:17,CNCL,ASK,1,CSCO,21,112.12,10113,Margaret Gonzalez,,,,
500507,2003-09-28 04:39:38,CMPT,ASK,0,SONY,10,93.98,10024,Melissa Smith,93.52,5.05,4.57,0.0
500508,2005-01-16 11:39:00,PNDG,BUY,1,MSFT,34,1.0,10007,Thomas Thomas,,,,
500509,2005-07-12 07:37:19,CMPT,LMT,1,TSLA,12,17.0,10028,Michael Anderson,16.94,2.82,6.77,0.96
500510,2003-08-20 11:48:30,PNDG,BID,0,CRM,5,129.57,10113,Sharon Hernandez,,,,
500511,2003-11-19 11:47:50,CMPT,ASK,0,CVX,33,132.04,10121,Andrew Miller,132.16,2.61,6.61,2.49
500512,2005-07-16 20:25:46,ACTV,BUY,0,PYPL,8,170.41,10025,Deborah Thomas,,,,
500513,2003-09-20 03:03:24,PNDG,ASK,1,CSCO,12,132.07,10095,Anthony Baker,,,,
500514,2005-10-13 06:46:31,ACTV,BID,0,NKE,9,72.94,10109,Rebecca Hill,,,,
500515,2003-11-24 11:57:44,CMPT,SELL,0,XOM,15,134.08,10143,Jessica Lewis,134.57,2.67,4.43,1.92
500516,2005-03-12 18:20:02,CMPT,ASK,1,PYPL,3,179.92,10220,Susan Anderson,180.5,4.98,4.49,2.93
500517,2003-05-14 02:35:15,PNDG,BUY,1,V,10,239.55,10085,Barbara Mitchell,,,,
500518,2005-08-17 00:03:17,ACTV,BUY,1,ADBE,17,2.12,10172,Kimberly Ramirez,,,,
500519,2003-09-16 07:21:53,CNCL,ASK,0,PEP,21,69.52,10135,Susan Thompson,,,,
500520,2004-06-22 07:20:58,CNCL,SELL,0,AAPL,9,89.5,10050,Deborah Stewart,,,,
500521,2003-03-16 10:53:16,ACTV,MRKT,0,AAPL,11,123.99,10015,Mary Roberts,,,,
500522,2005-05-12 15:57:41,PNDG,BUY,1,PEP,22,138.07,10135,Elizabeth Nguyen,,,,
500523,2005-08-09 11:23:09,PNDG,MRKT,1,BABA,7,11.61,10213,Mary Jackson,,,,
500524,2003-02-06 02:27:41,ACTV,ASK,0,TSLA,7,131.35,10090,Kimberly Clark,,,,
500525,2005-09-09 03:19:23,ACTV,BID,0,JPM,23,232.05,10202,Anthony Garcia,,,,
500526,2005-11-23 08:32:31,ACTV,SELL,0,ADBE,5,111.57,10137,Amanda Lee,,,,
500527,2005-11-28 15:06:35,ACTV,MRKT,0,DIS,11,77.82,10177,Jennifer Lopez,,,,
500528,2003-12-23 11:49:06,ACTV,ASK,0,KO,14,88.57,10058,Matthew Ramirez,,,,
500529,2005-10-13 07:15:08,ACTV,MRKT,1,V,10,60.62,10129,Stephanie Gonzalez,,,,
500530,2004-02-26 16:24:01,ACTV,BID,0,INTC,17,179.76,10106,Gary Perez,,,,
500531,2004-04-15 14:51:33,ACTV,BUY,1,CVX,40,69.07,10147,Michael Miller,,,,
500532,2005-09-22 01:46:27,ACTV,LMT,0,NVDA,6,87.5,10032,Susan Williams,,,,
500533,2005-12-19 08:16:49,CMPT,ASK,1,CSCO,7,177.92,10212,Sarah Thompson,176.04,5.03,2.37,1.51
500534,2005-07-25 06:15:52,PNDG,BID,1,AVGO,14,212.91,10087,Patricia Edwards,,,,
500535,2004-04-10 17:32:28,CNCL,MRKT,0,V,7,131.71,10139,Carol Smith,,,,
500536,2003-09-17 02:40:35,CMPT,SELL,1,JPM,3,21.29,10139,Gary Johnson,21.07,3.77,8.22,2.68
500537,2003-01-13 19:44:27,PNDG,BID,1,SONY,4,142.76,10042,Ryan Wilson,,,,
500538,2004-06-16 08:52:30,PNDG,SELL,1,MA,5,234.11,10209,Thomas White,,,,
500539,2003-02-09 18:23:42,PNDG,LMT,0,V,16,116.29,10038,Brian Smith,,,,
500540,2005-08-24 16:38:49,CMPT,ASK,1,ORCL,11,103.25,10021,Linda Allen,103.17,3.34,9.25,2.25
500541,2003-01-11 11:37:38,CMPT,MRKT,0,NFLX,21,101.25,10031,Kevin Hill,102.0,3.19,18.55,1.07
500542,2005-12-22 02:30:21,CNCL,SELL,0,MSFT,9,172.89,10097,Robert Stewart,,,,
500543,2005-06-28 12:36:24,PNDG,SELL,1,JPM,30,49.83,10044,Sarah Cook,,,,
500544,2003-08-26 15:09:40,PNDG,BID,1,INTC,4,7.65,10104,Mark Miller,,,,
500545,2004-01-13 05:55:35,CMPT,BID,0,BAC,6,50.57,10136,Kevin Nelson,50.43,7.12,10.35,1.19
500546,2004-03-05 17:58:18,CMPT,SELL,1,DIS,18,167.16,10135,Barbara Martinez,169.85,4.51,4.33,2.82
500547,2004-12-18 11:37:31,ACTV,SELL,1,NVDA,37,68.64,10121,Donna Cook,,,,
500548,2003-07-12 20:55:09,CNCL,BUY,1,NVDA,50,225.65,10007,Jessica Cook,,,,
500549,2004-11-27 13:37:22,PNDG,MRKT,0,ADBE,10,1.0,10136,Emily Wright,,,,
500550,2003-11-29 19:36:43,CMPT,BID,1,GOOGL,8,80.67,10178,Susan Hernandez,81.12,1.18,14.8,4.73
500551,2004-04-18 15:40:51,ACTV,SELL,1,COST,7,1.0,10113,Ashley Turner,,,,
500552,2004-07-03 10:58:54,CNCL,LMT,0,CRM,11,134.91,10181,Melissa Nelson,,,,
500553,2003-03-30 16:16:36,ACTV,BID,1,PYPL,32,155.02,10179,Carol Walker,,,,
500554,2004-09-23 10:52:33,PNDG,ASK,0,META,11,1.0,10214,Robert Jones,,,,
500555,2005-06-28 12:40:31,CNCL,MRKT,1,COST,18,164.12,10113,Kimberly Perez,,,,
500556,2005-07-28 00:40:12,CNCL,BID,0,NVDA,10,124.33,10035,Elizabeth Thompson,,,,
500557,2005-04-24 17:57:27,CMPT,SELL,1,AAPL,14,88.02,10083,Susan Morris,86.72,5.6,2.09,3.6
500558,2004-11-08 14:01:50,PNDG,MRKT,1,BAC,6,139.45,10103,Donna Torres,,,,
500559,2004-04-27 12:10:31,CMPT,LMT,1,GOOGL,7,131.48,10011,Andrew Nguyen,131.03,6.01,4.15,0.0
500560,2004-09-23 13:36:28,PNDG,LMT,0,CSCO,10,80.25,10191,Charles Harris,,,,
500561,2004-02-18 10:02:03,PNDG,SELL,1,INTC,4,56.52,10095,Sarah Lopez,,,,
500562,2003-08-25 07:39:35,PNDG,BUY,0,COST,3,112.82,10141,Paul Turner,,,,
500563,2003-05-26 04:16:09,PNDG,BID,1,META,9,105.81,10066,Ryan Anderson,,,,
500564,2005-01-24 09:23:11,CMPT,ASK,1,WMT,79,115.86,10123,Patricia Evans,116.28,6.22,6.29,1.2
500565,2005-10-15 21:55:25,PNDG,SELL,1,WMT,23,176.81,10052,Sarah Robinson,,,,
500566,2004-06-23 08:32:13,CNCL,BUY,1,TM,1,93.39,10102,Kenneth Edwards,,,,
500567,2003-12-04 08:44:36,PNDG,MRKT,1,BAC,10,65.19,10163,William Walker,,,,
500568,2004-12-06 11:14:55,CNCL,BUY,1,TM,30,67.24,10054,Sandra Jones,,,,
500569,2005-07-10 05:41:06,ACTV,LMT,1,SONY,23,66.62,10066,William Thomas,,,,
500570,2005-07-12 06:04:50,PNDG,BID,1,META,9,155.59,10056,Daniel King,,,,
500571,2004-01-17 05:34:43,ACTV,ASK,1,BABA,7,93.25,10047,Stephanie Flores,,,,
500572,2003-06-20 15:25:15,ACTV,SELL,1,DIS,5,42.59,10017,Joseph Thomas,,,,
500573,2003-06-05 14:08:59,ACTV,BUY,1,PEP,21,145.47,10023,Ryan King,,,,
500574,2003-07-20 17:14:58,ACTV,BID,0,AVGO,5,21.66,10131,Amy Lee,,,,
500575,2005-03-30 03:51:50,CMPT,BUY,0,KO,75,59.5,10031,Thomas Hill,58.82,5.95,4.18,1.47
500576,2004-11-12 12:51:49,PNDG,LMT,1,JPM,23,174.29,10013,Jessica Hill,,,,
500577,2004-03-18 04:43:16,CMPT,MRKT,0,AAPL,11,198.31,10055,Michelle Roberts,197.78,4.3,6.72,1.54
500578,2003-01-21 02:48:51,CNCL,BID,0,NFLX,18,124.16,10003,Susan Collins,,,,
500579,2004-11-19 08:42:11,CMPT,SELL,0,AAPL,7,116.99,10025,Michelle Clark,116.12,3.55,6.28,3.13
500580,2003-03-17 04:08:51,CMPT,SELL,1,META,15,193.13,10133,Carol Brown,196.56,4.75,4.74,0.96
500581,2004-08-14 09:08:02,PNDG,MRKT,0,CVX,15,164.99,10028,Matthew Walker,,,,
500582,2004-05-03 02:32:41,CNCL,BUY,1,AVGO,38,12.93,10149,Amanda Ramirez,,,,
500583,2005-05-16 06:35:46,CNCL,MRKT,1,AMZN,24,179.42,10098,Donna Walker,,,,
500584,2003-02-11 18:28:52,PNDG,BID,1,SONY,70,117.67,10039,Ryan Collins,,,,
500585,2003-07-09 10:30:43,CMPT,BID,1,JPM,12,1.0,10162,Paul Johnson,0.99,2.41,3.42,0.83
500586,2005-02-27 18:11:18,CNCL,BID,0,IBM,4,98.39,10058,Thomas Rodriguez,,,,
500587,2005-01-30 09:01:45,ACTV,BUY,0,V,16,158.24,10174,Mary Edwards,,,,
500588,2004-11-21 22:27:57,CNCL,BID,1,AVGO,11,178.98,10077,David Harris,,,,
500589,2003-07-02 16:45:05,CMPT,BUY,0,META,27,1.0,10202,Kimberly Taylor,1.0,2.1,3.54,2.14
500590,2005-09-28 17:39:09,ACTV,ASK,1,CSCO,11,207.75,10078,Kimberly Thompson,,,,
500591,2003-04-20 17:45:27,CNCL,BUY,1,ADBE,53,134.79,10119,Matthew Gonzalez,,,,
500592,2005-11-08 19:55:40,CMPT,BID,1,COST,11,95.27,10005,Ronald Hernandez,95.18,6.12,4.37,2.63
500593,2005-02-03 13:52:14,ACTV,LMT,1,META,10,179.77,10008,John Harris,,,,
500594,2003-02-06 21:54:52,CNCL,BUY,0,WMT,33,227.4,10214,Linda Baker,,,,
500595,2003-12-03 07:00:32,PNDG,BID,1,NVDA,11,11.38,10140,Laura Clark,,,,
500596,2004-01-09 21:07:42,ACTV,BUY,1,PEP,3,85.49,10037,Robert Cook,,,,
500597,2005-06-21 03:49:45,CNCL,SELL,0,MA,4,1.0,10199,Jose Martinez,,,,
500598,2003-04-05 23:54:20,ACTV,SELL,0,ORCL,10,37.15,10182,Robert Turner,,,,
500599,2005-02-14 13:06:42,CNCL,BUY,1,PYPL,20,241.85,10139,Melissa Murphy,,,,
500600,2003-10-21 17:56:01,CNCL,BID,1,MA,11,128.23,10214,Melissa Anderson,,,,
500601,2005-05-10 11:10:56,CMPT,SELL,1,INTC,4,119.09,10071,Charles Walker,118.02,2.47,0.69,3.86
500602,2003-05-17 09:53:03,CNCL,BUY,0,COST,4,21.99,10098,Timothy Roberts,,,,
500603,2003-06-25 03:27:26,CNCL,SELL,0,PYPL,13,126.89,10028,Patricia Rivera,,,,
500604,2005-09-14 07:34:22,PNDG,BUY,1,NFLX,15,114.37,10110,William Nelson,,,,
500605,2003-08-24 20:41:15,CMPT,ASK,0,NKE,6,160.61,10219,Anthony Scott,160.9,1.71,12.15,1.54
500606,2004-12-20 13:55:54,ACTV,BID,1,GOOGL,25,5.27,10173,Carol White,,,,
500607,2004-05-10 10:18:10,CMPT,BUY,0,AVGO,5,67.04,10219,Kenneth Mitchell,66.45,7.14,1.51,2.15
500608,2004-04-01 09:16:03,CNCL,ASK,1,AAPL,6,143.54,10076,Lisa Scott,,,,
500609,2004-06-29 17:50:05,PNDG,MRKT,1,CRM,15,68.85,10147,Robert Brown,,,,
500610,2003-10-27 19:28:00,CNCL,ASK,0,AMZN,62,104.3,10176,Amy Anderson,,,,
500611,2004-11-29 00:49:26,CMPT,BID,1,KO,28,14.58,10016,Michael Miller,14.55,5.12,7.35,1.55
500612,2005-10-24 04:26:50,CNCL,SELL,0,NKE,7,1.0,10020,Sarah Edwards,,,,
500613,2004-05-16 02:30:21,PNDG,ASK,1,ORCL,8,43.55,10014,Karen Hill,,,,
500614,2005-01-17 19:51:10,ACTV,SELL,1,MA,11,167.99,10202,Jason Roberts,,,,
500615,2003-06-02 17:55:12,CNCL,SELL,0,TSLA,62,145.2,10187,Paul Walker,,,,
500616,2004-02-04 20:59:50,CNCL,BUY,0,ORCL,26,152.16,10004,Emily Allen,,,,
500617,2003-09-25 13:27:51,CMPT,BID,0,BAC,21,149.53,10041,Emily Robinson,149.02,4.23,8.02,4.13
500618,2004-01-01 12:19:10,PNDG,BID,0,TSLA,22,221.42,10207,Gary Mitchell,,,,
500619,2005-09-12 19:35:48,ACTV,BUY,0,AMZN,5,127.45,10075,Sandra Lee,,,,
500620,2003-12-25 13:03:33,ACTV,BID,0,CVX,17,145.5,10149,Andrew Wilson,,,,
500621,2005-07-31 20:07:55,PNDG,LMT,1,BABA,5,1.0,10113,Elizabeth Wilson,,,,
500622,2003-06-24 14:47:18,ACTV,BUY,0,CRM,3,81.23,10130,Mark Cook,,,,
500623,2003-04-03 23:39:16,PNDG,BID,1,WMT,68,124.51,10220,Michael Carter,,,,
500624,2005-05-06 11:53:58,CNCL,MRKT,1,ADBE,5,133.09,10183,Patricia Allen,,,,
500625,2004-12-20 07:02:24,CNCL,BUY,1,PEP,10,121.4,10034,Amanda Parker,,,,
500626,2005-06-05 07:49:13,ACTV,MRKT,0,MA,9,18.87,10077,Sarah Morris,,,,
500627,2004-11-07 10:36:48,CNCL,ASK,0,INTC,9,159.62,10106,Melissa Flores,,,,
500628,2005-05-13 03:07:37,PNDG,BUY,1,TM,16,195.31,10110,Elizabeth Thompson,,,,
500629,2004-11-29 08:30:47,CMPT,SELL,0,INTC,6,183.42,10047,Sandra Martinez,183.56,5.43,11.14,1.85
500630,2004-05-29 03:03:08,PNDG,LMT,0,TSLA,16,155.64,10192,Margaret Collins,,,,
500631,2005-06-22 03:20:13,CNCL,ASK,1,XOM,21,168.09,10169,Linda Green,,,,
500632,2003-05-09 13:35:05,CNCL,BID,0,V,33,148.5,10103,Mary Wilson,,,,
500633,2005-11-09 08:39:26,CMPT,ASK,1,XOM,10,283.06,10017,Amy Ramirez,283.04,5.89,4.63,0.0
500634,2004-01-29 13:38:40,CNCL,MRKT,1,TM,7,116.83,10034,Michelle Lee,,,,
500635,2003-10-26 19:57:18,CMPT,BID,0,PYPL,19,114.34,10109,Linda Moore,115.48,7.26,10.38,2.05
500636,2004-08-25 20:59:59,ACTV,BUY,0,BABA,14,97.61,10148,Susan Evans,,,,
500637,2004-10-28 02:03:54,PNDG,SELL,0,NVDA,7,212.54,10143,Sharon King,,,,
500638,2004-02-21 13:42:24,CNCL,MRKT,1,NFLX,5,107.71,10167,Richard Phillips,,,,
500639,2003-10-11 01:10:05,PNDG,LMT,1,NVDA,16,1.0,10056,Matthew Davis,,,,
500640,2005-03-12 20:16:56,ACTV,ASK,0,GOOGL,23,88.3,10082,Anthony Stewart,,,,
500641,2003-04-02 10:21:16,PNDG,LMT,1,NFLX,16,89.67,10089,Sharon Hill,,,,
500642,2004-02-15 19:40:04,CMPT,SELL,1,GOOGL,4,126.62,10171,Joshua Allen,126.84,7.28,8.7,0.03
500643,2003-12-03 08:06:22,PNDG,MRKT,1,JPM,29,168.67,10006,Kimberly Lopez,,,,
500644,2005-09-28 01:31:44,ACTV,ASK,1,ORCL,23,146.96,10203,Susan Davis,,,,
500645,2005-08-07 07:58:32,PNDG,LMT,0,GOOGL,8,150.29,10020,Barbara Harris,,,,
500646,2003-06-19 15:32:19,ACTV,ASK,0,TM,10,314.7,10159,Betty White,,,,
500647,2004-05-03 09:31:19,ACTV,BUY,1,PYPL,11,35.36,10212,Elizabeth Perez,,,,
500648,2005-09-21 22:38:46,CNCL,ASK,0,NKE,10,213.82,10004,Jason Ramirez,,,,
500649,2004-03-19 01:09:28,PNDG,SELL,1,AAPL,9,1.0,10139,Kenneth Miller,,,,
500650,2003-06-30 01:20:32,CMPT,BUY,0,INTC,38,135.95,10033,Lisa Carter,135.21,6.67,4.1,0.64
500651,2003-02-22 20:08:08,ACTV,LMT,1,XOM,27,76.93,10106,Andrew Clark,,,,
500652,2004-01-12 04:03:38,ACTV,LMT,1,AVGO,20,113.89,10106,Andrew Walker,,,,
500653,2003-07-09 19:11:21,PNDG,BID,1,NFLX,24,120.64,10025,Laura Gonzalez,,,,
500654,2005-08-19 06:47:52,CMPT,BID,1,ORCL,3,160.71,10220,Donald Clark,159.88,7.04,7.51,3.76
500655,2005-03-13 00:29:42,CMPT,ASK,1,CSCO,11,1.0,10128,Timothy Walker,1.0,6.23,6.01,1.49
500656,2005-01-10 17:57:41,CNCL,SELL,1,AAPL,38,102.3,10121,Charles Turner,,,,
500657,2004-02-28 02:19:40,CNCL,SELL,0,NVDA,28,123.31,10043,Elizabeth Cook,,,,
500658,2003-10-22 01:31:43,CNCL,MRKT,1,BABA,5,47.03,10133,Barbara Nelson,,,,
500659,2004-04-22 21:45:26,ACTV,BUY,1,JPM,11,134.4,10114,Carol Hill,,,,
500660,2005-07-01 11:16:00,CMPT,MRKT,1,NFLX,7,13.86,10141,Mark Lopez,13.7,3.94,4.21,1.35
500661,2003-11-05 02:16:38,CNCL,BUY,0,CSCO,50,132.34,10191,Sandra Carter,,,,
500662,2003-02-13 19:13:39,PNDG,BUY,1,BABA,7,111.99,10144,Thomas Walker,,,,
500663,2003-11-08 06:07:51,ACTV,SELL,0,COST,41,158.01,10182,Daniel Campbell,,,,
500664,2005-01-21 20:23:51,CMPT,SELL,0,GOOGL,12,17.74,10163,Robert Williams,17.39,4.33,6.77,0.09
500665,2003-11-27 07:02:50,ACTV,BUY,1,SONY,5,109.59,10015,Susan Thompson,,,,
500666,2005-08-22 04:43:42,ACTV,ASK,0,PEP,2,1.0,10130,Ashley Roberts,,,,
500667,2003-05-29 06:13:53,CMPT,BUY,1,PYPL,13,151.73,10216,Joshua Nelson,152.37,7.27,12.32,3.12
500668,2004-03-20 11:41:10,CMPT,SELL,1,JPM,11,261.71,10044,Nancy Flores,267.12,7.15,4.45,2.53
500669,2005-01-25 20:52:10,CNCL,BUY,1,XOM,3,89.6,10018,Gary Jackson,,,,
500670,2004-05-03 14:47:03,CMPT,SELL,0,SONY,2,83.53,10162,Karen Parker,84.6,5.14,12.48,2.05
500671,2003-11-02 23:00:14,ACTV,LMT,1,BABA,14,92.15,10005,Nancy Smith,,,,
500672,2003-05-30 18:34:35,CNCL,BID,1,WMT,20,111.08,10123,Ashley Wilson,,,,
500673,2005-01-14 00:08:01,ACTV,BID,0,BABA,32,226.5,10120,Sharon Campbell,,,,
500674,2005-11-28 18:01:36,CNCL,LMT,1,COST,18,34.93,10029,Paul Murphy,,,,
500675,2003-05-29 06:11:43,CNCL,SELL,1,PYPL,20,208.71,10115,Thomas Rivera,,,,
500676,2003-02-13 02:33:41,ACTV,SELL,0,SONY,22,134.35,10103,Laura Wright,,,,
500677,2005-03-18 11:47:29,PNDG,LMT,1,DIS,27,206.28,10120,Michelle Young,,,,
500678,2004-03-17 09:30:18,CNCL,SELL,0,PYPL,2,220.4,10138,George Moore,,,,
500679,2004-01-06 18:52:42,CNCL,ASK,1,AAPL,24,147.77,10131,Margaret Wilson,,,,
500680,2003-06-08 10:23:35,CMPT,ASK,0,SONY,9,129.92,10016,John Martin,130.96,1.86,9.67,2.16
500681,2005-04-22 04:38:46,PNDG,MRKT,1,SONY,39,161.57,10205,Lisa King,,,,
500682,2004-12-09 00:23:27,ACTV,BUY,1,JPM,12,118.02,10140,Edward Taylor,,,,
500683,2004-05-26 20:21:59,CNCL,LMT,0,SAP,22,124.53,10020,Amy King,,,,
500684,2003-03-27 03:06:46,CNCL,LMT,0,IBM,20,64.3,10186,Joseph Rodriguez,,,,
500685,2005-06-17 20:30:05,ACTV,SELL,1,NFLX,5,74.14,10207,Jessica Murphy,,,,
500686,2003-04-02 04:14:44,CMPT,LMT,0,AVGO,5,59.8,10004,Sarah Stewart,60.1,1.54,3.14,2.95
500687,2004-10-08 19:44:05,PNDG,MRKT,1,AMZN,9,113.49,10089,Paul Hill,,,,
500688,2005-05-13 11:29:33,ACTV,SELL,1,JPM,5,41.07,10080,Charles Hill,,,,
500689,2004-12-30 02:16:42,CNCL,ASK,0,META,11,228.45,10186,Joshua Hill,,,,
500690,2005-07-22 04:46:56,CNCL,BID,1,AVGO,19,1.0,10084,Sarah Morris,,,,
500691,2003-02-27 08:45:51,CNCL,LMT,0,BAC,19,178.78,10029,Mary Morris,,,,
500692,2004-10-17 10:28:58,ACTV,ASK,1,V,22,28.51,10138,Gary Thomas,,,,
500693,2004-06-03 17:13:06,CNCL,BUY,1,WMT,13,262.86,10004,Sharon Garcia,,,,
500694,2003-07-31 21:41:01,PNDG,MRKT,0,GOOGL,7,137.58,10179,Amy Thomas,,,,
500695,2003-08-14 14:36:03,ACTV,ASK,1,NVDA,8,25.23,10077,Linda White,,,,
500696,2003-04-06 21:17:56,CMPT,ASK,1,META,10,186.35,10208,Ronald Nelson,189.08,3.19,5.64,1.01
500697,2004-04-19 14:33:25,PNDG,SELL,0,COST,3,156.7,10125,Angela Green,,,,
500698,2003-12-19 02:13:01,CMPT,MRKT,1,KO,41,219.35,10210,Donna Hill,218.29,8.06,10.81,1.67
500699,2005-12-27 09:38:47,CMPT,SELL,1,BABA,14,88.74,10194,Sandra Smith,89.06,9.14,4.17,0.65
500700,2003-11-04 07:36:54,PNDG,ASK,1,AMZN,26,118.98,10170,Timothy Smith,,,,
500701,2003-03-31 15:36:31,CNCL,LMT,1,JPM,3,44.04,10201,Mark Lee,,,,
500702,2005-10-02 10:43:23,CNCL,SELL,0,NKE,7,72.37,10056,Lisa Wright,,,,
500703,2003-11-23 22:54:29,ACTV,ASK,1,TM,17,184.7,10082,Laura Edwards,,,,
500704,2005-08-28 21:51:35,CNCL,ASK,0,CSCO,12,125.57,10037,Lisa Robinson,,,,
500705,2005-03-11 18:18:15,CNCL,SELL,1,XOM,8,186.68,10107,William Smith,,,,
500706,2004-11-27 06:27:12,CMPT,ASK,0,COST,36,96.82,10082,Melissa Adams,96.05,9.73,10.31,1.02
500707,2004-05-20 11:35:11,CNCL,BID,0,AAPL,4,94.88,10058,Mary Evans,,,,
500708,2004-08-24 09:36:31,PNDG,LMT,0,IBM,32,77.41,10194,Elizabeth Smith,,,,
500709,2003-02-11 19:58:00,ACTV,BUY,1,INTC,11,81.09,10168,Charles Collins,,,,
500710,2003-10-24 22:30:50,CMPT,SELL,1,TSLA,22,213.31,10189,Barbara Thomas,210.29,4.54,6.61,1.35
500711,2003-06-16 07:43:37,ACTV,SELL,1,SAP,6,173.26,10011,Jose Turner,,,,
500712,2003-05-18 05:48:18,PNDG,BUY,1,BAC,15,166.25,10040,Michelle Phillips,,,,
500713,2003-01-04 19:48:33,ACTV,BID,1,TM,41,90.33,10217,John Miller,,,,
500714,2005-11-04 07:14:18,CMPT,BID,0,CVX,20,87.71,10033,Laura Edwards,87.71,5.92,6.74,0.29
500715,2003-11-14 04:34:37,PNDG,MRKT,1,GOOGL,41,126.65,10030,Edward Taylor,,,,
500716,2003-02-19 07:10:58,PNDG,BUY,0,SONY,6,1.0,10138,Kevin White,,,,
500717,2003-12-02 20:34:36,CMPT,MRKT,0,XOM,14,161.92,10003,Carol Clark,164.05,7.65,6.03,2.88
500718,2005-11-22 16:39:55,CMPT,BUY,1,PYPL,4,126.78,10167,Emily Young,128.31,3.85,6.76,2.23
500719,2005-03-18 01:04:12,CMPT,BID,1,INTC,15,220.61,10086,Timothy Baker,217.98,8.15,3.17,1.3
500720,2005-11-18 04:34:08,CMPT,MRKT,0,NVDA,8,110.16,10217,Deborah Miller,109.62,6.26,7.33,4.75
500721,2005-07-15 06:06:53,ACTV,LMT,1,PYPL,18,98.55,10100,Matthew Edwards,,,,
500722,2004-01-10 14:44:02,CMPT,LMT,1,V,18,158.16,10147,Ronald Scott,157.97,2.74,4.63,2.32
500723,2003-10-02 05:16:21,ACTV,SELL,0,BAC,25,150.04,10193,Thomas Rivera,,,,
500724,2004-06-05 17:43:31,PNDG,LMT,1,V,13,155.82,10198,Jose Garcia,,,,
500725,2003-01-28 22:45:31,ACTV,MRKT,0,MA,10,134.49,10015,Charles Clark,,,,
500726,2003-06-07 18:33:22,CNCL,LMT,0,JPM,38,194.52,10022,Kimberly Wilson,,,,
500727,2004-03-25 15:15:00,CNCL,LMT,1,WMT,37,90.31,10046,Sharon Scott,,,,
500728,2005-05-24 23:56:21,PNDG,BUY,1,AAPL,16,45.51,10098,Patricia Johnson,,,,
500729,2004-01-18 04:10:00,CNCL,MRKT,1,V,27,86.41,10208,Kimberly Thomas,,,,
500730,2004-01-28 07:02:41,ACTV,BUY,0,ADBE,5,81.25,10029,Donna Walker,,,,
500731,2003-04-09 21:56:44,ACTV,BUY,1,NFLX,17,1.0,10205,Donna Scott,,,,
500732,2005-03-15 04:04:46,CNCL,MRKT,0,IBM,5,185.21,10007,Sharon Taylor,,,,
500733,2005-08-16 09:20:29,PNDG,BID,1,CRM,15,112.85,10155,Patricia Torres,,,,
500734,2005-05-11 04:46:24,CNCL,ASK,0,META,4,227.01,10212,Laura Sanchez,,,,
500735,2003-04-30 07:16:04,CMPT,MRKT,1,IBM,29,165.18,10098,Mary Torres,163.14,6.46,11.06,1.71
500736,2004-09-25 12:49:10,ACTV,BUY,0,JPM,12,82.78,10045,Michael Thompson,,,,
500737,2003-05-18 22:01:59,ACTV,BUY,0,AVGO,21,99.36,10158,Richard Roberts,,,,
500738,2004-10-16 05:26:06,ACTV,BUY,0,AAPL,11,14.07,10084,Kimberly Sanchez,,,,
500739,2005-05-06 06:31:16,CNCL,SELL,1,PEP,4,181.48,10176,Barbara Parker,,,,
500740,2005-06-20 15:13:47,ACTV,MRKT,1,NKE,42,176.34,10193,Joseph Jones,,,,
500741,2003-12-22 17:23:49,PNDG,MRKT,0,XOM,38,77.96,10201,Joshua Rivera,,,,
500742,2005-07-07 17:56:07,CNCL,BUY,0,IBM,13,141.82,10183,Susan Evans,,,,
500743,2004-11-25 09:32:02,CMPT,LMT,1,CSCO,12,232.58,10103,Angela King,229.1,3.91,6.11,1.25
500744,2003-10-27 19:09:19,PNDG,SELL,0,PEP,25,1.0,10136,Nancy Carter,,,,
500745,2004-11-26 01:19:29,PNDG,SELL,1,ORCL,31,178.89,10106,Brian Brown,,,,
500746,2003-10-04 15:50:24,CNCL,BUY,1,XOM,17,213.37,10098,Joseph Nguyen,,,,
500747,2004-10-27 00:29:43,PNDG,ASK,0,META,73,128.5,10164,Nancy Smith,,,,
500748,2005-12-07 17:49:18,CNCL,SELL,1,KO,23,143.34,10105,George Edwards,,,,
500749,2004-10-18 17:54:36,ACTV,ASK,0,XOM,20,80.65,10059,Mark Anderson,,,,
500750,2005-10-03 04:13:49,PNDG,LMT,1,NKE,8,158.79,10175,Emily Young,,,,
500751,2005-01-01 18:53:59,ACTV,MRKT,1,DIS,9,181.51,10179,Margaret Gonzalez,,,,
500752,2003-12-28 05:02:54,CNCL,BID,1,BABA,25,85.26,10094,Kenneth Cook,,,,
500753,2003-06-30 11:16:47,CMPT,BUY,0,MA,18,122.11,10061,Amanda Torres,122.05,7.7,7.45,2.4
500754,2003-04-14 17:35:20,CMPT,SELL,1,CSCO,3,158.74,10064,Linda Lewis,156.19,4.37,12.64,4.26
500755,2003-09-25 03:25:20,ACTV,SELL,0,TM,10,29.17,10189,Edward Cook,,,,
500756,2005-08-25 00:53:48,CMPT,ASK,0,WMT,19,89.29,10207,George Taylor,89.76,2.27,11.03,3.98
500757,2005-08-13 21:39:45,ACTV,MRKT,0,SAP,5,63.32,10078,Daniel Cook,,,,
500758,2003-04-13 17:42:01,CMPT,SELL,0,META,8,168.56,10002,Margaret Johnson,164.8,5.69,6.59,1.18
500759,2004-05-31 07:06:31,CNCL,BID,0,PYPL,23,1.0,10172,Michael Moore,,,,
500760,2003-05-04 18:38:36,ACTV,LMT,1,IBM,5,62.66,10017,Kenneth Thompson,,,,
500761,2004-08-16 16:26:09,ACTV,BUY,1,COST,23,93.13,10021,Emily Davis,,,,
500762,2004-11-28 13:01:47,PNDG,BID,1,CRM,8,151.11,10068,Melissa Ramirez,,,,
500763,2003-05-07 14:06:21,CMPT,LMT,1,V,10,72.51,10087,Richard Smith,72.34,5.99,16.25,0.83
500764,2003-11-13 12:00:30,CNCL,BUY,0,NKE,17,107.11,10071,Carol Carter,,,,
500765,2005-09-29 04:44:18,PNDG,BID,1,CRM,12,224.38,10036,Brian King,,,,
500766,2004-08-25 03:42:05,ACTV,LMT,0,AMZN,25,165.28,10134,Betty Stewart,,,,
500767,2003-10-16 04:42:22,CNCL,SELL,1,MSFT,10,59.26,10005,Kimberly Hernandez,,,,
500768,2005-08-29 00:07:50,PNDG,BUY,0,PYPL,18,98.65,10135,Kenneth Stewart,,,,
500769,2005-11-06 12:09:41,CMPT,LMT,0,INTC,9,165.68,10103,Amanda Turner,163.54,3.68,10.02,2.06
500770,2003-11-12 04:18:48,PNDG,BID,0,MA,23,59.5,10030,Jason Hall,,,,
500771,2003-04-23 19:04:11,ACTV,LMT,0,INTC,24,69.63,10101,Daniel Wright,,,,
500772,2004-12-01 20:49:28,CNCL,ASK,0,MA,38,174.74,10009,Amanda Hall,,,,
500773,2003-12-01 19:09:24,CNCL,ASK,1,COST,20,226.91,10095,Ronald Jackson,,,,
500774,2005-08-22 05:37:25,ACTV,SELL,1,KO,18,75.52,10158,Edward Martinez,,,,
500775,2004-06-30 14:02:18,CMPT,BID,1,NVDA,43,144.04,10007,Donna Stewart,146.39,5.65,11.31,1.14
500776,2003-05-22 08:58:32,CMPT,LMT,1,KO,6,22.03,10008,Barbara Anderson,22.27,1.01,1.62,0.48
500777,2004-10-22 11:37:21,ACTV,BID,0,WMT,17,151.15,10070,Mark Nelson,,,,
500778,2004-09-27 14:02:05,ACTV,LMT,0,PEP,8,175.74,10138,Joseph Young,,,,
500779,2005-10-12 05:59:25,PNDG,MRKT,0,AVGO,18,205.41,10002,Edward Young,,,,
500780,2004-04-16 16:50:41,CNCL,LMT,1,ORCL,29,72.67,10029,Patricia Jackson,,,,
500781,2004-08-02 17:16:48,ACTV,BUY,0,TM,17,109.46,10159,Lisa Nguyen,,,,
500782,2003-09-22 13:18:30,CMPT,ASK,0,INTC,20,135.28,10102,Paul Lewis,135.58,6.91,7.73,3.07
500783,2005-12-17 02:35:58,ACTV,BUY,1,MSFT,15,110.32,10150,Margaret Martin,,,,
500784,2005-06-03 08:25:45,ACTV,ASK,0,XOM,28,187.98,10037,Mark Hall,,,,
500785,2005-08-24 22:13:38,CNCL,BUY,1,WMT,35,165.46,10034,William Murphy,,,,
500786,2003-03-27 02:27:02,ACTV,BUY,0,TM,13,134.76,10179,Deborah Martin,,,,
500787,2004-10-11 00:06:15,ACTV,LMT,1,TM,16,1.0,10083,George Flores,,,,
500788,2004-11-04 08:05:54,CMPT,BID,1,ADBE,6,228.04,10151,Richard Rivera,228.33,0.0,7.15,2.39
500789,2005-08-21 11:18:56,CMPT,ASK,1,WMT,6,280.38,10114,Gary Miller,284.71,7.14,6.91,2.77
500790,2005-01-07 13:36:39,PNDG,LMT,1,WMT,27,154.56,10109,Barbara Smith,,,,
500791,2004-12-28 00:00:45,CNCL,BUY,1,WMT,9,134.49,10080,Sandra Cook,,,,
500792,2005-01-06 00:19:05,ACTV,ASK,1,KO,16,141.5,10181,Elizabeth Evans,,,,
500793,2005-09-05 20:27:45,PNDG,ASK,1,DIS,7,139.33,10177,Daniel Walker,,,,
500794,2005-09-07 12:11:22,PNDG,ASK,0,ORCL,15,137.27,10174,James Morris,,,,
500795,2003-08-08 13:52:43,ACTV,ASK,1,PEP,17,20.2,10191,Ronald Wright,,,,
500796,2003-05-12 20:50:01,PNDG,BID,0,ORCL,27,172.7,10133,Edward Williams,,,,
500797,2003-08-30 07:05:23,CMPT,LMT,1,WMT,5,113.66,10108,Kenneth Young,112.7,4.32,10.77,2.8
500798,2005-09-29 16:39:28,CMPT,ASK,0,CRM,59,125.97,10094,Edward Murphy,124.49,5.54,0.0,4.28
500799,2003-03-26 13:52:35,CMPT,BID,0,MA,17,149.64,10062,Lisa Evans,150.12,3.39,6.98,1.19
500800,2003-08-03 10:12:15,CNCL,BUY,1,INTC,10,140.32,10127,Rebecca Johnson,,,,
500801,2004-04-02 14:03:06,PNDG,ASK,0,PYPL,6,231.16,10166,Donald Campbell,,,,
500802,2005-01-12 15:17:11,CNCL,BID,1,TM,6,174.13,10063,Elizabeth Clark,,,,
500803,2003-05-05 06:39:07,CNCL,MRKT,0,NVDA,9,28.94,10171,Ronald Rodriguez,,,,
500804,2005-10-19 07:58:07,PNDG,BUY,0,SONY,18,126.62,10098,Edward Green,,,,
500805,2005-01-01 20:56:35,ACTV,SELL,1,BABA,12,110.34,10001,Andrew Brown,,,,
500806,2005-01-08 06:55:16,ACTV,SELL,1,CVX,9,143.53,10068,Donna Evans,,,,
500807,2005-04-29 19:58:33,PNDG,BUY,1,CRM,9,114.84,10179,Michelle Torres,,,,
500808,2005-04-16 21:42:51,CMPT,BUY,0,NFLX,30,20.77,10061,Mark Torres,20.64,3.6,4.49,0.43
500809,2003-09-27 17:29:05,CMPT,BID,1,ORCL,11,122.35,10217,Thomas Miller,122.22,1.55,9.29,2.86
500810,2004-09-12 09:45:00,CMPT,MRKT,1,MA,14,41.48,10028,Donald Jackson,41.06,9.29,12.69,2.58
500811,2004-10-10 12:52:52,ACTV,BID,1,WMT,7,198.34,10020,Margaret Nguyen,,,,
500812,2003-10-02 01:44:58,CNCL,LMT,0,MA,15,226.98,10027,Robert Moore,,,,
500813,2003-07-21 05:50:28,ACTV,ASK,0,ADBE,9,142.98,10177,Sharon Garcia,,,,
500814,2005-07-17 21:16:11,PNDG,MRKT,0,MA,11,162.64,10009,Betty Cook,,,,
500815,2005-04-11 20:30:21,CNCL,BID,1,PEP,8,174.14,10078,Margaret Collins,,,,
500816,2003-06-19 12:55:02,PNDG,LMT,1,SAP,10,48.33,10054,Joseph Jackson,,,,
500817,2004-05-13 04:12:25,CMPT,LMT,0,PYPL,20,126.56,10153,Jessica Adams,123.37,4.92,7.34,2.22
500818,2004-03-29 17:35:56,CNCL,MRKT,0,INTC,56,65.37,10216,Sharon Perez,,,,
500819,2004-07-26 14:20:31,CMPT,LMT,0,NKE,13,1.0,10217,Edward Robinson,0.98,3.75,6.57,1.77
500820,2003-07-06 14:21:27,CNCL,LMT,1,SAP,20,160.99,10126,Kimberly Young,,,,
500821,2005-11-18 14:29:41,CNCL,LMT,1,PYPL,27,98.59,10049,Ashley Taylor,,,,
500822,2003-04-11 09:05:10,ACTV,BID,0,PYPL,18,59.99,10189,Emily Stewart,,,,
500823,2003-07-22 17:06:33,ACTV,ASK,1,NKE,17,143.54,10031,Angela Flores,,,,
500824,2003-06-30 16:23:58,CNCL,LMT,1,META,9,1.0,10138,Donald Allen,,,,
500825,2003-02-02 08:22:38,CMPT,ASK,1,SAP,8,289.54,10172,Jennifer Edwards,289.2,3.6,7.35,3.33
500826,2003-08-25 07:48:07,CNCL,BUY,0,AMZN,16,95.49,10154,Jose Hernandez,,,,
500827,2004-03-25 01:01:49,CMPT,SELL,1,META,5,89.13,10098,Andrew Lee,87.85,5.77,11.95,3.26
500828,2005-11-02 00:26:42,ACTV,BID,1,SONY,8,41.02,10119,Ryan Brown,,,,
500829,2005-03-31 06:04:12,ACTV,SELL,0,NKE,5,140.63,10217,Deborah Allen,,,,
500830,2003-05-28 03:03:44,PNDG,LMT,0,BAC,19,164.83,10083,Rebecca Martinez,,,,
500831,2003-08-26 12:02:24,PNDG,BUY,1,CRM,16,25.08,10142,Gary Rodriguez,,,,
500832,2003-07-23 01:08:32,CMPT,SELL,1,SONY,3,187.36,10066,Sharon Hernandez,185.46,9.15,0.02,0.66
500833,2004-04-15 03:04:03,ACTV,MRKT,1,CRM,6,127.58,10091,Deborah White,,,,
500834,2003-10-21 15:19:06,ACTV,MRKT,1,BABA,21,70.4,10195,Kevin Morris,,,,
500835,2003-10-01 21:40:36,CNCL,BID,1,AMZN,20,17.95,10176,Amy Roberts,,,,
500836,2004-08-01 03:52:02,ACTV,MRKT,0,CVX,9,24.07,10083,Edward Lewis,,,,
500837,2005-03-24 06:23:22,PNDG,BUY,1,SAP,9,63.91,10006,Robert Martin,,,,
500838,2004-10-06 13:52:52,PNDG,SELL,0,CSCO,16,349.1,10028,Mary Lopez,,,,
500839,2004-12-10 21:58:05,ACTV,BUY,0,MA,5,94.43,10156,Brian Martin,,,,
500840,2003-11-13 22:46:22,ACTV,SELL,0,BABA,21,113.47,10166,Daniel Hernandez,,,,
500841,2004-09-18 22:34:24,PNDG,ASK,1,BABA,35,36.99,10024,Kenneth Allen,,,,
500842,2004-09-14 17:24:21,ACTV,SELL,1,V,22,53.74,10014,Sharon Anderson,,,,
500843,2003-08-28 05:28:52,PNDG,SELL,1,PEP,23,120.15,10109,James Parker,,,,
500844,2003-06-08 16:15:41,ACTV,LMT,0,JPM,15,67.45,10213,Joshua Morris,,,,
500845,2003-08-28 23:59:29,PNDG,SELL,1,XOM,3,31.29,10189,Amanda Davis,,,,
500846,2004-08-11 17:13:36,ACTV,LMT,1,CRM,21,90.1,10171,Paul White,,,,
500847,2005-01-19 02:48:10,PNDG,LMT,1,DIS,22,15.93,10034,Elizabeth Scott,,,,
500848,2004-11-14 01:25:34,ACTV,ASK,1,ORCL,20,178.96,10026,Elizabeth Green,,,,
500849,2004-02-12 22:50:02,CMPT,MRKT,1,ADBE,2,130.98,10051,Michelle Walker,133.99,3.3,10.23,2.03
500850,2004-05-14 12:09:54,PNDG,BUY,0,CVX,24,81.79,10159,Kimberly Allen,,,,
500851,2003-08-06 22:33:20,CNCL,LMT,1,NKE,7,78.93,10001,Betty Lewis,,,,
500852,2003-06-16 14:28:14,CNCL,SELL,1,MA,10,67.73,10109,Elizabeth Jones,,,,
500853,2005-12-03 19:04:28,ACTV,BID,0,SAP,7,186.11,10089,Donna Rodriguez,,,,
500854,2003-09-24 14:15:44,ACTV,MRKT,1,AMZN,8,24.59,10125,Ronald Moore,,,,
500855,2005-11-05 21:42:20,ACTV,BUY,1,V,6,143.12,10143,Nancy Jones,,,,
500856,2004-11-24 12:05:52,PNDG,SELL,1,META,2,143.89,10189,Jason Murphy,,,,
500857,2004-12-15 22:25:13,PNDG,BID,0,MSFT,21,198.37,10038,Linda King,,,,
500858,2005-05-22 11:32:23,PNDG,MRKT,1,CSCO,9,51.73,10025,Mark Collins,,,,
500859,2003-11-22 21:58:03,CMPT,SELL,1,AMZN,15,119.03,10196,Laura Stewart,120.89,5.1,5.56,0.39
500860,2004-10-04 21:12:09,CNCL,LMT,1,NVDA,11,114.63,10197,Thomas Robinson,,,,
500861,2005-05-02 04:46:35,PNDG,SELL,1,NFLX,30,116.87,10068,Kimberly Edwards,,,,
500862,2003-12-28 10:35:18,PNDG,BUY,0,AAPL,34,196.29,10044,Betty Adams,,,,
500863,2003-06-24 17:14:27,CMPT,BUY,1,KO,7,29.86,10140,Emily Edwards,29.63,4.47,4.32,2.83
500864,2003-10-31 13:44:47,PNDG,LMT,0,PEP,21,194.23,10028,Angela Morris,,,,
500865,2004-02-13 14:30:41,PNDG,ASK,1,PEP,16,79.22,10145,Sarah Roberts,,,,
500866,2004-09-25 03:36:28,ACTV,MRKT,1,SONY,17,46.16,10135,Donna Smith,,,,
500867,2005-04-11 16:11:23,ACTV,BUY,0,AVGO,14,56.61,10098,Mary Perez,,,,
500868,2003-10-22 02:20:01,CMPT,BUY,1,ADBE,30,1.0,10050,Ryan Smith,1.01,6.94,6.86,2.4
500869,2003-04-22 05:28:58,CNCL,MRKT,0,AAPL,15,200.56,10056,Susan Stewart,,,,
500870,2004-06-09 17:01:00,PNDG,SELL,1,ADBE,42,110.72,10199,Donna Rivera,,,,
500871,2004-12-28 15:55:46,CNCL,ASK,1,IBM,42,64.98,10167,Deborah Rivera,,,,
500872,2003-12-30 12:42:21,PNDG,SELL,1,AMZN,18,140.63,10015,Steven Scott,,,,
500873,2004-01-10 05:40:31,CMPT,BID,1,TSLA,5,132.93,10031,Michael Phillips,131.87,6.75,4.07,0.0
500874,2004-02-02 14:54:31,CNCL,LMT,1,SAP,5,111.5,10140,Laura Brown,,,,
500875,2004-12-16 14:10:43,CMPT,BID,1,NKE,16,133.82,10019,Jose Martin,132.6,6.73,5.19,1.73
500876,2005-08-13 18:28:22,CNCL,BUY,1,NKE,26,98.72,10088,Steven Hall,,,,
500877,2004-01-18 15:18:43,PNDG,MRKT,0,BABA,3,159.89,10127,Melissa Walker,,,,
500878,2003-05-14 12:29:22,PNDG,BID,1,NFLX,13,82.93,10106,Ashley Lewis,,,,
500879,2004-04-09 00:52:18,CNCL,ASK,0,ADBE,33,65.94,10008,Timothy Phillips,,,,
500880,2003-01-06 11:09:20,PNDG,MRKT,0,ADBE,21,119.39,10130,Patricia Williams,,,,
500881,2003-08-02 21:07:43,PNDG,MRKT,0,BABA,82,1.0,10039,Deborah Robinson,,,,
500882,2003-12-17 16:03:41,PNDG,BUY,1,NVDA,15,134.15,10113,Michael Anderson,,,,
500883,2005-01-16 17:51:06,ACTV,BUY,0,PEP,29,80.43,10001,Joshua Garcia,,,,
500884,2004-12-28 02:26:53,ACTV,ASK,1,AVGO,8,207.16,10066,Steven Moore,,,,
500885,2004-03-25 10:18:10,ACTV,ASK,0,CRM,9,129.42,10092,John Parker,,,,
500886,2003-08-19 07:40:31,CNCL,LMT,1,CSCO,12,136.64,10176,Thomas Williams,,,,
500887,2005-04-19 14:13:58,CMPT,BID,0,XOM,5,71.91,10089,Sharon Flores,71.86,5.23,10.61,2.61
500888,2004-11-16 06:08:56,CNCL,MRKT,0,NKE,20,105.88,10114,Kimberly Collins,,,,
500889,2003-12-29 15:37:38,CNCL,BID,1,AVGO,32,67.34,10173,Paul Hernandez,,,,
500890,2004-02-16 20:03:42,CMPT,LMT,1,NVDA,12,5.72,10088,Ryan Anderson,5.65,6.86,6.83,0.0
500891,2003-10-01 05:05:42,ACTV,LMT,0,NVDA,13,93.16,10159,Karen Ramirez,,,,
500892,2004-10-18 13:26:13,ACTV,LMT,0,JPM,6,132.98,10135,Anthony Perez,,,,
500893,2005-06-09 21:47:36,CNCL,BUY,0,V,11,110.23,10105,Timothy Wilson,,,,
500894,2005-08-12 15:25:26,PNDG,BUY,1,BAC,25,66.44,10153,Betty Taylor,,,,
500895,2004-12-26 10:47:48,ACTV,ASK,1,ADBE,28,90.72,10159,Linda Rodriguez,,,,
500896,2005-09-03 17:03:18,ACTV,BID,0,AVGO,11,199.62,10214,Sharon Miller,,,,
500897,2003-04-08 17:50:26,PNDG,LMT,1,MA,17,81.11,10123,Patricia Torres,,,,
500898,2004-09-02 23:16:29,ACTV,ASK,1,IBM,12,124.49,10191,Charles Mitchell,,,,
500899,2004-04-21 07:45:47,CNCL,LMT,1,MSFT,4,156.04,10075,Sarah Mitchell,,,,
500900,2003-02-21 21:21:25,PNDG,ASK,1,AMZN,13,18.99,10043,Michael Parker,,,,
500901,2004-12-21 11:53:15,CMPT,ASK,1,PYPL,6,169.88,10020,Rebecca Baker,167.29,9.7,3.45,2.24
500902,2003-03-03 00:22:40,PNDG,ASK,1,NFLX,2,104.16,10120,Stephanie Robinson,,,,
500903,2005-08-03 19:26:57,CMPT,BID,0,CRM,9,142.74,10130,Mary Edwards,143.04,4.23,14.03,2.9
500904,2003-03-28 19:05:33,ACTV,LMT,0,TM,7,132.77,10043,Paul Williams,,,,
500905,2005-02-14 06:05:15,CMPT,LMT,0,META,1,67.26,10048,Mark Parker,68.24,3.71,7.37,0.58
500906,2003-08-27 17:00:07,CMPT,LMT,1,META,22,115.67,10113,Edward Morris,115.62,6.97,12.27,2.91
500907,2004-03-29 05:16:47,PNDG,BUY,1,SONY,3,134.78,10184,Jessica Gonzalez,,,,
500908,2003-05-19 04:53:20,ACTV,BUY,1,INTC,15,26.68,10052,Donna Green,,,,
500909,2004-06-30 19:55:14,PNDG,BUY,0,CRM,4,78.03,10184,Carol Parker,,,,
500910,2004-08-18 20:34:20,ACTV,ASK,0,AMZN,10,101.68,10063,Sandra Thompson,,,,
500911,2003-04-02 05:05:35,PNDG,MRKT,0,V,7,117.15,10097,Kimberly Martinez,,,,
500912,2005-09-30 14:06:22,PNDG,BID,1,TM,15,85.83,10045,Rebecca Wilson,,,,
500913,2004-04-24 11:13:59,PNDG,MRKT,0,BABA,16,64.88,10108,Matthew Walker,,,,
500914,2005-01-31 10:40:23,ACTV,ASK,1,DIS,4,105.36,10083,Brian Lewis,,,,
500915,2005-12-16 08:56:25,PNDG,MRKT,0,SONY,23,294.61,10141,Jessica Jones,,,,
500916,2004-12-11 11:30:51,PNDG,MRKT,0,NFLX,2,70.4,10106,Rebecca Adams,,,,
500917,2005-06-03 09:42:23,PNDG,SELL,0,INTC,6,124.58,10155,Kimberly Lewis,,,,
500918,2004-08-31 16:20:09,ACTV,BID,1,META,6,114.56,10034,Carol Mitchell,,,,
500919,2005-01-02 15:20:39,PNDG,LMT,1,KO,25,53.39,10162,Edward Mitchell,,,,
500920,2005-03-09 07:01:02,CNCL,BID,0,WMT,12,219.07,10179,Donald Lee,,,,
500921,2005-08-07 19:06:21,ACTV,SELL,1,COST,24,1.0,10118,Robert Scott,,,,
500922,2005-12-31 01:28:57,PNDG,MRKT,1,AVGO,55,58.46,10184,Daniel Edwards,,,,
500923,2004-12-04 19:17:13,CMPT,BID,0,CRM,16,77.29,10108,Sandra Green,76.82,3.36,8.88,1.01
500924,2005-01-13 18:41:53,PNDG,LMT,1,PEP,5,66.62,10007,Donna Anderson,,,,
500925,2005-12-06 03:45:17,CNCL,SELL,0,IBM,12,1.0,10213,Brian Rivera,,,,
500926,2005-12-20 01:10:32,CMPT,SELL,0,MSFT,22,56.34,10072,Karen Martin,56.8,7.93,7.88,2.58
500927,2005-11-03 06:29:00,CMPT,BUY,0,CSCO,9,59.81,10047,Joseph Evans,58.42,4.47,5.05,0.0
500928,2003-06-30 10:44:17,CMPT,LMT,0,XOM,15,213.05,10104,Elizabeth Ramirez,213.96,7.46,5.97,0.73
500929,2004-09-07 08:36:32,ACTV,SELL,1,IBM,13,82.69,10166,Emily Scott,,,,
500930,2005-09-13 07:48:47,CMPT,LMT,1,INTC,5,179.14,10129,Michelle Collins,179.41,3.46,7.5,1.77
500931,2004-03-22 11:45:26,CMPT,BUY,1,CRM,20,218.75,10178,Kimberly Thompson,217.02,2.29,11.42,4.83
500932,2004-05-14 06:34:21,CMPT,ASK,1,PYPL,8,43.54,10137,Charles Thomas,42.89,4.9,7.23,1.64
500933,2003-02-08 15:41:34,PNDG,ASK,1,ORCL,23,50.32,10180,Thomas Sanchez,,,,
500934,2003-10-20 00:34:26,CNCL,BID,0,META,8,19.79,10055,Ronald Jackson,,,,
500935,2005-01-27 14:32:30,ACTV,SELL,0,INTC,34,182.84,10110,Mark Phillips,,,,
500936,2004-07-16 15:10:36,ACTV,SELL,1,INTC,32,48.77,10212,Joseph Rodriguez,,,,
500937,2005-12-22 13:26:35,ACTV,LMT,0,INTC,33,128.16,10191,Joseph Wright,,,,
500938,2003-04-22 05:04:36,CMPT,SELL,1,DIS,21,148.5,10107,Ronald Wright,147.88,4.57,1.84,1.31
500939,2003-04-30 07:27:54,PNDG,BID,1,BAC,11,27.45,10117,Lisa Johnson,,,,
500940,2004-06-29 14:59:56,PNDG,BUY,1,DIS,14,197.6,10095,Margaret Adams,,,,
500941,2003-11-12 12:35:13,CMPT,SELL,1,INTC,9,40.92,10214,Gary Scott,40.49,5.36,12.68,2.17
500942,2003-03-05 06:46:21,PNDG,ASK,1,CRM,13,21.77,10033,Nancy Miller,,,,
500943,2004-03-18 10:22:35,CMPT,BUY,1,BABA,16,152.28,10164,Angela Ramirez,151.5,4.9,4.76,2.86
500944,2004-09-29 09:44:03,ACTV,MRKT,0,IBM,33,134.98,10195,Paul Wright,,,,
500945,2004-03-09 15:10:07,CNCL,LMT,0,SONY,18,112.27,10027,Barbara Brown,,,,
500946,2005-05-10 04:44:30,CNCL,MRKT,1,PYPL,8,54.67,10086,George Miller,,,,
500947,2005-03-22 09:52:54,PNDG,SELL,1,NKE,10,116.7,10171,Jose Jones,,,,
500948,2004-03-28 16:56:11,ACTV,BID,1,GOOGL,13,179.33,10150,Andrew Rivera,,,,
500949,2005-02-16 15:04:52,PNDG,LMT,0,WMT,22,212.4,10031,Donna Murphy,,,,
500950,2005-04-19 04:12:10,PNDG,MRKT,1,JPM,22,91.75,10083,Ryan Taylor,,,,
500951,2003-11-25 21:56:53,PNDG,BUY,1,COST,14,1.0,10112,Rebecca Nguyen,,,,
500952,2005-01-31 00:40:49,PNDG,MRKT,1,CRM,42,68.19,10090,Stephanie Phillips,,,,
500953,2005-06-02 22:20:40,CMPT,LMT,1,SAP,10,235.89,10007,Joshua Lee,232.82,3.61,6.74,1.29
500954,2004-04-03 15:01:36,CMPT,ASK,0,AMZN,14,126.14,10134,Jessica Hill,127.08,4.74,9.24,1.59
500955,2004-01-03 07:19:50,CNCL,BID,1,GOOGL,20,191.17,10098,Carol Sanchez,,,,
500956,2004-08-07 21:05:46,PNDG,BID,1,XOM,4,93.58,10092,Thomas Walker,,,,
500957,2005-06-24 00:33:28,ACTV,LMT,1,XOM,15,1.0,10050,Jennifer Hill,,,,
500958,2003-04-21 23:52:04,ACTV,BUY,1,AAPL,1,131.05,10188,Nancy Parker,,,,
500959,2003-06-29 08:07:15,ACTV,ASK,0,CRM,8,163.92,10130,Karen Edwards,,,,
500960,2003-01-13 02:04:20,CNCL,LMT,0,AVGO,13,108.39,10024,Matthew Thomas,,,,
500961,2004-07-15 04:50:53,PNDG,ASK,1,ORCL,10,116.43,10030,Stephanie Turner,,,,
500962,2004-11-28 16:18:43,CNCL,SELL,0,BABA,7,73.51,10111,Sarah Nguyen,,,,
500963,2003-12-25 02:38:05,CNCL,BID,1,CRM,23,91.66,10067,James Wright,,,,
500964,2005-07-10 10:29:55,PNDG,BID,0,MSFT,19,108.64,10213,Kimberly White,,,,
500965,2004-08-31 10:24:53,CMPT,BID,0,META,10,42.0,10075,Michael Taylor,42.42,3.16,8.19,0.13
500966,2005-04-02 11:27:16,ACTV,BID,0,ORCL,16,136.05,10147,Laura Smith,,,,
500967,2004-01-10 20:17:27,CMPT,BUY,0,CSCO,8,1.0,10008,Steven Lee,1.0,5.2,5.25,1.18
500968,2005-08-25 07:52:15,CMPT,ASK,0,PYPL,25,101.45,10139,Ryan Williams,100.93,6.82,6.9,1.15
500969,2005-01-23 03:00:28,ACTV,ASK,1,INTC,24,84.18,10121,David Baker,,,,
500970,2004-01-26 12:13:47,PNDG,BUY,0,KO,25,62.41,10116,Jason Stewart,,,,
500971,2005-11-28 07:43:42,PNDG,BID,1,BABA,16,195.12,10198,Elizabeth Torres,,,,
500972,2004-10-14 13:05:28,CMPT,LMT,0,CRM,18,144.05,10206,Anthony Jones,144.8,6.85,7.24,2.52
500973,2005-01-29 08:28:04,ACTV,BUY,1,META,11,243.29,10091,David Perez,,,,
500974,2003-05-11 13:32:25,PNDG,ASK,1,CSCO,7,166.59,10077,James Scott,,,,
500975,2005-12-06 23:43:32,CMPT,BUY,1,PEP,6,146.72,10169,George Wilson,149.0,2.6,12.71,0.85
500976,2004-08-05 01:12:01,PNDG,MRKT,0,GOOGL,7,131.75,10018,Jennifer Torres,,,,
500977,2005-10-26 16:26:51,ACTV,MRKT,1,TM,6,177.17,10062,Margaret Turner,,,,
500978,2003-09-05 19:58:55,PNDG,SELL,1,SONY,18,1.0,10160,Lisa Morris,,,,
500979,2005-07-06 04:20:12,PNDG,LMT,1,SONY,4,59.29,10009,Patricia Edwards,,,,
500980,2004-10-12 09:05:10,ACTV,BID,1,COST,17,35.1,10111,Joseph Wilson,,,,
500981,2004-07-05 22:40:27,ACTV,SELL,1,WMT,8,151.98,10136,Jessica Moore,,,,
500982,2005-04-26 14:32:50,ACTV,SELL,0,TSLA,6,129.54,10206,Edward Wilson,,,,
500983,2003-04-29 18:18:08,CNCL,BID,1,AAPL,5,178.24,10151,Mary Clark,,,,
500984,2005-09-22 15:48:19,ACTV,BID,1,ORCL,35,29.57,10088,Kevin Taylor,,,,
500985,2005-12-19 02:33:43,CNCL,LMT,0,COST,2,1.0,10142,Steven Young,,,,
500986,2004-04-25 11:06:50,CMPT,ASK,1,PEP,25,69.11,10204,Emily Martin,69.95,2.05,3.86,1.83
500987,2005-05-01 15:31:27,CMPT,ASK,1,NFLX,27,93.14,10166,Thomas Turner,91.98,5.59,7.19,2.56
500988,2003-06-30 03:42:57,ACTV,SELL,1,SAP,11,65.02,10147,John Hernandez,,,,
500989,2005-10-26 14:59:31,ACTV,MRKT,1,MSFT,13,1.0,10173,Kenneth Williams,,,,
500990,2005-11-04 20:34:25,PNDG,LMT,1,PEP,15,192.99,10207,George Taylor,,,,
500991,2005-03-15 12:11:20,CNCL,BID,1,NVDA,19,42.31,10135,Joseph Rivera,,,,
500992,2005-03-30 08:42:55,CMPT,ASK,1,SONY,4,198.95,10002,Mary Garcia,197.68,4.48,7.63,1.26
500993,2004-04-13 03:09:13,PNDG,BID,1,ADBE,13,211.64,10137,Rebecca Walker,,,,
500994,2003-12-04 19:20:14,CMPT,BID,1,CVX,9,240.56,10011,John Anderson,241.57,5.63,9.99,3.06
500995,2005-11-11 02:04:44,CMPT,BID,1,NFLX,27,146.67,10217,Donna Rivera,145.61,8.48,6.43,0.98
500996,2004-12-26 02:27:45,CNCL,BID,0,DIS,24,153.21,10056,Thomas Walker,,,,
500997,2003-01-22 22:54:11,ACTV,SELL,0,JPM,12,113.47,10037,Karen Harris,,,,
500998,2004-10-20 14:07:40,PNDG,ASK,1,PEP,19,241.46,10052,Paul Nelson,,,,
500999,2005-06-01 04:30:50,CNCL,BID,0,BABA,12,21.29,10203,Sharon Hall,,,,
501000,2004-06-08 07:03:05,CNCL,BUY,1,TSLA,8,143.62,10056,Paul Parker,,,,
501001,2005-06-22 18:00:30,CMPT,BID,1,BAC,11,62.43,10044,Matthew Rodriguez,62.95,6.55,6.26,2.31
501002,2004-09-28 08:47:45,PNDG,SELL,0,DIS,8,66.17,10169,Angela Nguyen,,,,
501003,2005-11-29 07:06:09,ACTV,ASK,1,ORCL,10,14.15,10047,Laura Jones,,,,
501004,2003-01-23 18:31:03,PNDG,ASK,1,IBM,16,102.54,10124,Sarah Torres,,,,
501005,2004-03-29 03:06:09,PNDG,LMT,1,GOOGL,9,115.02,10089,Stephanie Martin,,,,
501006,2003-09-16 17:18:30,ACTV,SELL,1,MA,14,56.06,10197,Richard Phillips,,,,
501007,2003-07-21 21:21:12,CNCL,LMT,1,NVDA,8,52.35,10200,Nancy Thomas,,,,
501008,2005-01-02 10:52:09,CMPT,LMT,1,CRM,33,1.0,10070,Jason Phillips,1.0,6.7,3.3,0.79
501009,2004-09-04 22:26:08,PNDG,ASK,0,TM,6,1.0,10030,Donald Nguyen,,,,
501010,2003-10-08 11:08:56,PNDG,BID,0,NVDA,28,87.18,10074,Betty Turner,,,,
501011,2004-04-16 00:04:05,CNCL,ASK,0,BABA,5,58.41,10167,Rebecca Williams,,,,
501012,2005-05-26 00:51:16,ACTV,SELL,0,ADBE,13,78.5,10085,Kimberly Young,,,,
501013,2004-07-21 03:26:48,PNDG,LMT,1,MA,6,135.55,10005,Kenneth Hernandez,,,,
501014,2005-11-21 17:02:59,ACTV,SELL,1,PEP,6,72.81,10173,Michelle Garcia,,,,
501015,2005-04-30 05:33:07,PNDG,SELL,0,META,13,49.55,10167,Carol Phillips,,,,
501016,2005-08-22 08:38:07,PNDG,MRKT,1,CSCO,12,55.14,10163,Carol Harris,,,,
501017,2004-03-07 10:26:15,CMPT,BID,1,NFLX,76,70.91,10119,Michael Hill,71.36,2.79,2.82,1.66
501018,2004-06-01 14:30:49,PNDG,MRKT,0,CVX,9,74.87,10116,Brian Ramirez,,,,
501019,2005-03-26 08:06:02,CMPT,LMT,1,INTC,11,159.31,10118,Sandra Walker,162.6,9.01,6.62,3.96
501020,2003-08-05 17:20:46,CNCL,SELL,1,JPM,38,53.86,10131,Thomas Nelson,,,,
501021,2005-04-08 11:57:02,ACTV,MRKT,0,CVX,8,89.71,10158,Donald Wilson,,,,
501022,2003-10-11 21:33:16,CNCL,ASK,0,CSCO,45,86.31,10088,Margaret Wright,,,,
501023,2004-11-05 13:20:16,PNDG,ASK,1,NKE,9,191.77,10140,Betty Torres,,,,
501024,2005-08-21 14:25:04,CMPT,MRKT,0,TM,10,84.81,10004,Jennifer King,85.2,4.91,0.0,0.26
501025,2005-12-13 18:10:00,PNDG,LMT,1,COST,18,1.0,10132,Stephanie Wilson,,,,
501026,2005-02-22 13:08:10,CNCL,ASK,1,ADBE,26,89.36,10185,Jessica Thomas,,,,
501027,2003-03-24 10:09:43,PNDG,MRKT,1,ADBE,13,113.65,10088,Sandra Smith,,,,
501028,2005-12-25 10:16:17,CNCL,ASK,1,MA,3,44.81,10188,Matthew Davis,,,,
501029,2003-08-10 20:08:08,CNCL,ASK,1,NFLX,5,110.65,10023,Patricia Allen,,,,
501030,2005-11-21 07:40:20,CMPT,LMT,1,AVGO,33,78.54,10078,William Rivera,78.39,0.25,5.03,1.44
501031,2005-08-08 18:57:39,CNCL,SELL,1,MA,10,135.79,10023,Karen Thompson,,,,
501032,2004-09-14 10:44:14,ACTV,LMT,0,CVX,30,93.32,10049,Laura Cook,,,,
501033,2005-12-02 22:36:06,CMPT,BID,1,AVGO,15,1.0,10041,Carol Campbell,1.0,4.59,0.56,2.14
501034,2003-10-23 19:49:01,CNCL,BUY,0,AMZN,7,164.75,10097,Nancy Perez,,,,
501035,2003-10-31 03:11:56,PNDG,ASK,0,JPM,15,100.51,10001,Brian Jones,,,,
501036,2005-06-01 08:08:17,PNDG,SELL,1,AMZN,38,83.82,10113,Mary Campbell,,,,
501037,2003-10-11 10:31:47,PNDG,ASK,0,TM,9,97.43,10071,Anthony Martin,,,,
501038,2003-05-13 13:32:33,ACTV,SELL,0,CSCO,12,36.3,10008,Paul Edwards,,,,
501039,2003-04-23 06:10:13,ACTV,SELL,1,NVDA,17,124.84,10073,Angela Jackson,,,,
501040,2004-08-18 10:24:28,CMPT,BID,1,MA,8,1.0,10070,Donna Ramirez,1.01,7.45,9.34,2.96
501041,2003-01-01 07:37:10,CNCL,MRKT,1,CVX,41,122.37,10160,Richard King,,,,
501042,2004-04-16 04:29:48,PNDG,ASK,1,JPM,37,90.52,10068,Matthew Allen,,,,
501043,2005-04-26 02:01:33,CMPT,BID,1,CVX,6,102.94,10131,Kenneth Lewis,102.42,5.84,12.6,2.38
501044,2003-06-12 18:03:55,PNDG,SELL,0,V,26,251.62,10185,Carol Smith,,,,
501045,2004-04-28 02:59:58,ACTV,LMT,0,ADBE,44,110.57,10023,John Hill,,,,
501046,2004-11-28 15:47:23,CMPT,MRKT,1,CRM,7,252.35,10053,Jennifer Morris,248.89,0.86,0.21,3.31
501047,2004-10-12 21:24:23,PNDG,SELL,0,BAC,4,87.33,10192,Joseph Allen,,,,
501048,2003-06-26 03:43:07,CNCL,BID,0,META,11,195.98,10015,David Baker,,,,
501049,2004-07-14 17:00:12,ACTV,ASK,1,TSLA,4,108.83,10159,Joseph Sanchez,,,,
501050,2004-04-22 09:47:58,PNDG,MRKT,1,DIS,15,203.51,10101,Ronald White,,,,
501051,2003-11-01 17:03:30,CNCL,SELL,1,INTC,10,124.38,10185,Laura Perez,,,,
501052,2005-01-13 00:53:18,CNCL,SELL,0,WMT,10,181.68,10036,Jose Adams,,,,
501053,2003-09-22 15:47:30,CMPT,SELL,1,IBM,24,78.69,10075,George Cook,79.15,1.62,7.03,0.87
501054,2005-05-24 22:37:30,PNDG,SELL,1,IBM,9,176.59,10037,Barbara Baker,,,,
501055,2004-06-11 19:15:52,CNCL,BUY,1,INTC,58,120.93,10055,Charles Walker,,,,
501056,2003-01-18 04:21:26,CMPT,SELL,1,GOOGL,11,83.37,10186,Donna Rodriguez,84.07,4.51,10.08,3.79
501057,2004-01-13 00:25:01,ACTV,BID,1,XOM,20,80.09,10148,Rebecca Garcia,,,,
501058,2005-11-16 18:45:37,PNDG,BID,0,NFLX,22,58.92,10034,Andrew Carter,,,,
501059,2005-12-30 11:05:36,CMPT,SELL,1,COST,3,186.95,10125,Deborah Robinson,191.16,7.82,5.69,0.0
501060,2004-11-19 16:51:24,CNCL,LMT,1,NKE,7,150.45,10031,Amy White,,,,
501061,2004-04-30 17:49:20,PNDG,BUY,1,AAPL,9,204.05,10206,Ashley Thomas,,,,
501062,2003-10-09 00:34:20,CMPT,ASK,1,IBM,7,141.28,10057,George Ramirez,141.58,5.46,2.2,1.81
501063,2003-01-02 12:27:32,CMPT,BID,0,WMT,15,78.19,10194,Donald Moore,76.91,3.8,3.65,2.34
501064,2003-05-18 12:01:28,PNDG,ASK,1,ORCL,25,128.65,10123,Barbara Allen,,,,
501065,2003-12-10 12:42:52,CNCL,MRKT,1,NKE,16,93.03,10135,Michael Perez,,,,
501066,2004-03-22 03:03:59,PNDG,MRKT,1,AAPL,14,1.0,10130,Amy Harris,,,,
501067,2005-10-14 03:00:53,ACTV,SELL,1,NVDA,13,167.59,10034,Karen King,,,,
501068,2004-07-24 23:06:36,CMPT,SELL,1,JPM,8,153.88,10091,Susan Baker,150.97,4.95,6.15,2.48
501069,2004-05-17 21:12:40,ACTV,BID,0,TSLA,14,261.02,10116,Ryan Thompson,,,,
501070,2003-06-29 05:07:24,CMPT,BID,1,COST,1,3.17,10020,Deborah Walker,3.14,5.05,4.62,1.1
501071,2004-10-28 03:18:25,PNDG,BUY,1,AMZN,4,9.33,10166,Jose Moore,,,,
501072,2005-03-13 05:35:02,PNDG,BUY,1,SAP,6,211.28,10159,Laura Campbell,,,,
501073,2005-11-05 12:03:58,ACTV,BUY,1,DIS,7,298.39,10068,Andrew Young,,,,
501074,2005-04-01 23:48:47,CMPT,MRKT,0,BAC,26,84.43,10195,Patricia Flores,85.18,7.09,2.78,0.0
501075,2003-02-07 11:21:37,ACTV,LMT,1,GOOGL,35,37.38,10181,John Murphy,,,,
501076,2005-03-02 01:29:39,CMPT,ASK,0,ORCL,23,152.72,10184,Amy White,149.51,6.27,8.63,3.46
501077,2003-06-18 07:20:27,PNDG,ASK,0,ORCL,12,137.03,10034,Thomas Edwards,,,,
501078,2004-12-31 07:01:46,CMPT,ASK,1,CSCO,16,88.47,10106,Mark Stewart,90.14,6.98,11.86,2.34
501079,2005-05-03 04:12:50,ACTV,ASK,1,CVX,29,37.96,10143,Rebecca Anderson,,,,
501080,2004-07-17 15:19:04,CMPT,SELL,1,AAPL,8,175.44,10187,Joshua Mitchell,174.81,3.97,7.29,0.01
501081,2003-01-28 21:54:00,CMPT,LMT,1,NFLX,14,139.37,10184,Ronald Edwards,138.71,2.36,12.57,2.43
501082,2004-08-09 17:35:20,CNCL,MRKT,1,ADBE,6,63.45,10218,Sharon Thomas,,,,
501083,2003-10-21 10:55:16,CNCL,LMT,0,NFLX,4,1.0,10099,Timothy Miller,,,,
501084,2004-01-29 18:52:33,CNCL,BID,1,KO,3,46.14,10215,John White,,,,
501085,2004-01-08 17:26:46,CNCL,SELL,1,ADBE,17,156.85,10062,Ronald Perez,,,,
501086,2004-07-16 08:31:38,CMPT,BUY,1,CRM,11,176.69,10149,Amanda Murphy,177.74,2.3,3.96,2.26
501087,2003-02-28 08:32:24,ACTV,LMT,1,BABA,20,181.22,10085,Paul Mitchell,,,,
501088,2004-02-16 01:00:47,CMPT,BID,0,AAPL,4,1.0,10178,Robert Morris,1.02,4.23,10.09,1.96
501089,2004-05-04 10:19:35,CMPT,SELL,1,AMZN,4,204.12,10016,Deborah Scott,205.12,8.14,8.82,0.74
501090,2004-07-25 12:49:56,PNDG,LMT,1,DIS,12,176.48,10065,Kenneth White,,,,
501091,2005-12-26 20:42:27,ACTV,BID,0,NFLX,7,119.7,10213,Joseph Taylor,,,,
501092,2004-10-11 20:22:44,ACTV,MRKT,0,BABA,29,19.68,10011,Edward Turner,,,,
501093,2004-09-21 16:54:39,PNDG,ASK,0,MSFT,10,119.11,10088,Laura Hall,,,,
501094,2005-10-04 03:38:01,CMPT,BUY,0,GOOGL,25,100.27,10054,Nancy Stewart,99.35,6.15,4.84,2.46
501095,2003-03-23 01:00:50,PNDG,ASK,1,ORCL,16,93.51,10163,James Cook,,,,
501096,2003-09-22 21:13:00,PNDG,MRKT,0,BAC,23,190.35,10018,Patricia Turner,,,,
501097,2003-11-24 06:58:48,CMPT,ASK,0,XOM,5,144.09,10142,Nancy Stewart,143.74,4.26,7.17,3.38
501098,2003-12-31 09:19:18,CMPT,LMT,1,MSFT,11,85.33,10087,Charles Turner,84.01,4.57,6.91,0.82
501099,2003-08-03 05:06:08,ACTV,SELL,1,NFLX,10,142.09,10186,Joseph Morris,,,,
501100,2004-12-22 20:36:59,CNCL,LMT,1,SONY,35,88.89,10002,Susan Lewis,,,,
501101,2003-01-09 08:04:18,ACTV,BUY,1,ADBE,54,179.16,10176,Elizabeth Adams,,,,
501102,2003-05-27 10:15:19,CMPT,BID,1,DIS,24,151.24,10031,Kenneth Garcia,151.42,3.62,6.8,2.08
501103,2005-03-13 20:41:37,PNDG,MRKT,1,TM,15,218.92,10144,Amy Martin,,,,
501104,2004-07-26 06:59:37,PNDG,SELL,1,AAPL,55,149.16,10163,Robert Moore,,,,
501105,2003-01-16 18:05:40,CNCL,MRKT,0,MSFT,27,63.67,10053,Angela Carter,,,,
501106,2003-05-05 00:51:23,CNCL,SELL,1,GOOGL,3,105.13,10019,Ronald Thompson,,,,
501107,2005-12-22 03:17:25,CMPT,BUY,0,KO,16,210.66,10055,Karen Davis,216.87,5.67,11.44,3.39
501108,2003-03-20 06:29:54,CNCL,MRKT,1,INTC,16,171.17,10063,Sarah Brown,,,,
501109,2005-07-13 09:36:23,PNDG,LMT,0,JPM,18,222.15,10129,Barbara Phillips,,,,
501110,2005-12-28 20:46:15,CNCL,BUY,0,PEP,6,1.0,10141,Jason Allen,,,,
501111,2005-09-17 18:45:45,CNCL,MRKT,1,AVGO,15,178.56,10077,Michelle Hill,,,,
501112,2004-04-04 18:18:07,CMPT,ASK,0,PEP,29,74.27,10132,Donald Lopez,74.81,3.69,9.45,1.18
501113,2003-07-16 14:14:03,PNDG,ASK,1,V,6,180.19,10184,Kimberly Lopez,,,,
501114,2005-05-10 19:00:59,ACTV,SELL,1,ADBE,5,11.17,10032,Steven Parker,,,,
501115,2005-12-14 15:28:16,PNDG,BID,0,SAP,24,121.41,10212,Patricia Martin,,,,
501116,2004-12-16 08:14:40,ACTV,BUY,0,V,2,197.13,10052,Stephanie Hernandez,,,,
501117,2003-01-01 22:12:17,ACTV,SELL,0,NFLX,5,82.59,10181,Amy Perez,,,,
501118,2003-12-16 16:23:22,ACTV,SELL,1,AMZN,12,255.38,10152,Thomas Taylor,,,,
501119,2004-05-31 09:01:29,CNCL,BID,1,MSFT,13,177.75,10217,Jessica Flores,,,,
501120,2003-07-14 03:44:28,CMPT,MRKT,1,AAPL,12,150.27,10085,Ashley Lopez,147.85,5.15,5.19,0.86
501121,2004-05-16 07:32:19,CNCL,LMT,1,ORCL,17,187.24,10076,Sarah Rodriguez,,,,
501122,2004-08-05 22:02:56,CMPT,LMT,1,SONY,19,92.43,10065,Sandra Rodriguez,93.32,2.7,8.26,2.7
501123,2005-07-04 13:24:47,ACTV,MRKT,0,DIS,13,96.8,10103,Edward Johnson,,,,
501124,2005-11-17 03:58:04,PNDG,BUY,1,SAP,15,74.93,10177,Margaret Taylor,,,,
501125,2005-04-11 16:07:43,ACTV,BUY,1,AAPL,12,165.97,10143,Sarah Smith,,,,
501126,2003-03-05 14:25:54,ACTV,ASK,1,CVX,3,201.78,10078,Angela Stewart,,,,
501127,2005-06-13 19:19:45,CNCL,LMT,0,ADBE,19,129.45,10219,William Morris,,,,
501128,2005-12-06 03:12:23,ACTV,SELL,1,ADBE,6,85.56,10148,Matthew Collins,,,,
501129,2003-06-22 15:51:21,CMPT,ASK,1,IBM,9,161.74,10083,Elizabeth Hernandez,163.08,7.66,7.39,0.0
501130,2004-09-11 15:03:24,PNDG,MRKT,0,CSCO,7,87.87,10066,Ryan Robinson,,,,
501131,2004-12-01 11:35:26,PNDG,BUY,0,JPM,17,8.45,10211,Steven Baker,,,,
501132,2005-09-09 17:58:57,CNCL,BUY,1,MSFT,12,117.48,10168,Amy Turner,,,,
501133,2005-07-15 19:37:30,CMPT,ASK,1,SONY,9,99.52,10034,Kenneth Scott,102.27,5.04,13.62,2.33
501134,2003-04-25 18:42:26,CNCL,ASK,0,TSLA,8,150.74,10167,Gary Clark,,,,
501135,2004-07-10 16:03:33,PNDG,BUY,1,NKE,10,107.41,10207,Jennifer Martinez,,,,
501136,2003-04-15 20:36:17,PNDG,BUY,0,CVX,2,136.04,10136,Angela Smith,,,,
501137,2004-10-18 23:46:15,PNDG,BID,1,MSFT,9,190.3,10140,Jason Brown,,,,
501138,2005-12-21 10:49:32,PNDG,SELL,0,ORCL,14,84.88,10203,Kevin White,,,,
501139,2004-05-25 19:26:45,CMPT,SELL,1,ORCL,6,112.58,10064,George Rivera,112.1,3.33,13.17,1.84
501140,2004-05-02 19:49:40,CMPT,LMT,0,WMT,25,212.85,10053,Jessica Anderson,213.9,6.39,8.68,3.15
501141,2004-05-01 16:04:59,PNDG,SELL,1,WMT,20,145.23,10010,Sarah Ramirez,,,,
501142,2004-12-13 01:51:44,PNDG,BUY,0,MA,14,76.75,10044,James Wilson,,,,
501143,2004-09-24 17:27:33,CNCL,MRKT,1,SAP,9,65.99,10013,Laura Sanchez,,,,
501144,2004-10-19 19:05:35,CMPT,BID,1,AMZN,15,201.21,10152,Barbara Martinez,198.96,3.68,3.79,1.94
501145,2004-11-08 14:11:00,CMPT,MRKT,1,META,27,86.91,10106,Richard Garcia,87.23,0.0,6.52,2.58
501146,2005-10-15 21:16:28,CNCL,ASK,1,BABA,8,1.0,10178,Susan Moore,,,,
501147,2005-01-11 13:23:06,ACTV,BID,1,TM,18,102.32,10178,Richard Lopez,,,,
501148,2005-08-24 08:30:23,CMPT,ASK,1,GOOGL,47,69.78,10065,Barbara Anderson,69.65,4.17,7.33,0.0
501149,2004-04-29 01:14:06,PNDG,BID,0,NKE,34,154.0,10202,Jennifer Clark,,,,
501150,2004-07-28 08:09:23,ACTV,ASK,1,AMZN,11,84.97,10168,Susan Cook,,,,
501151,2003-10-13 08:38:24,CMPT,BID,1,ADBE,19,134.85,10157,Kenneth Moore,134.18,4.63,8.12,1.49
501152,2004-12-22 17:32:56,PNDG,SELL,1,AVGO,10,80.53,10190,Rebecca Wright,,,,
501153,2005-11-16 19:50:25,PNDG,MRKT,1,NFLX,10,20.21,10060,Angela Campbell,,,,
501154,2004-03-22 08:09:24,CNCL,BID,0,PEP,7,135.5,10130,Donald Rivera,,,,
501155,2005-09-26 16:00:07,CNCL,BID,0,CVX,23,106.42,10178,Melissa Baker,,,,
501156,2004-05-07 14:07:15,CNCL,ASK,1,NKE,1,7.61,10219,Susan Phillips,,,,
501157,2003-01-14 09:28:59,CNCL,SELL,1,META,17,226.63,10139,Stephanie Murphy,,,,
501158,2005-02-13 21:19:00,ACTV,MRKT,1,ADBE,31,95.83,10021,Margaret Lewis,,,,
501159,2004-09-12 08:27:38,CMPT,ASK,0,CVX,10,80.41,10089,Charles Moore,82.07,5.51,4.01,3.13
501160,2005-07-16 20:32:39,CNCL,BID,1,WMT,23,1.0,10003,Michael Martinez,,,,
501161,2005-09-27 21:30:41,CMPT,ASK,1,WMT,8,180.02,10099,Sarah Williams,181.97,2.32,7.02,3.05
501162,2003-12-19 10:03:10,CNCL,BID,1,CVX,17,38.17,10129,Michael Carter,,,,
501163,2004-08-25 23:07:53,ACTV,BUY,1,INTC,11,156.62,10066,Edward Turner,,,,
501164,2004-07-24 10:28:53,PNDG,LMT,1,ADBE,19,44.48,10109,Deborah Sanchez,,,,
501165,2005-12-24 06:21:41,ACTV,SELL,1,SONY,68,126.39,10139,Susan Davis,,,,
501166,2004-09-19 10:43:26,CMPT,BID,0,MSFT,4,88.44,10056,Michael Carter,85.59,3.55,6.93,4.87
501167,2003-05-15 19:01:42,ACTV,BID,1,AAPL,15,137.01,10051,Ronald Perez,,,,
501168,2005-07-03 21:13:21,CNCL,MRKT,1,PYPL,23,126.27,10220,David Perez,,,,
501169,2005-07-20 01:06:08,CMPT,ASK,1,META,9,205.44,10024,Amy Martinez,206.77,8.41,10.44,0.93
501170,2004-02-26 03:03:49,ACTV,LMT,0,IBM,10,84.47,10209,Karen Hall,,,,
501171,2004-01-01 07:11:20,PNDG,SELL,1,NVDA,10,143.28,10052,Robert Scott,,,,
501172,2005-09-02 06:13:21,CMPT,MRKT,1,CRM,12,57.95,10169,Nancy Garcia,58.98,8.03,7.25,0.8
501173,2004-08-28 21:10:00,CNCL,BID,1,AAPL,9,61.06,10098,Timothy Jones,,,,
501174,2003-12-05 12:03:19,CMPT,LMT,1,AVGO,7,46.1,10034,Ronald Baker,46.25,5.74,8.54,0.96
501175,2003-07-19 12:31:25,CNCL,BUY,1,SAP,17,249.66,10023,Gary Hill,,,,
501176,2003-08-09 18:14:05,ACTV,BID,1,ORCL,16,86.28,10051,Carol Johnson,,,,
501177,2004-02-18 11:19:32,PNDG,BUY,1,DIS,90,134.69,10052,Nancy Scott,,,,
501178,2004-11-13 07:00:05,CMPT,MRKT,1,NFLX,9,173.79,10220,Paul Turner,172.43,4.32,10.41,1.34
501179,2003-09-28 04:03:30,CNCL,SELL,1,JPM,5,161.83,10207,Daniel Clark,,,,
501180,2005-05-29 05:18:00,PNDG,ASK,1,SONY,24,18.98,10050,Laura Taylor,,,,
501181,2004-06-07 10:31:45,ACTV,ASK,1,NVDA,10,188.06,10100,Mark Mitchell,,,,
501182,2005-04-07 13:53:45,PNDG,ASK,1,NFLX,16,170.94,10063,Charles Murphy,,,,
501183,2005-04-08 10:29:35,CMPT,BID,1,NKE,12,70.58,10111,Kenneth Cook,70.16,4.46,7.77,0.0
501184,2003-01-25 19:32:28,PNDG,LMT,1,NKE,3,114.94,10124,Gary Smith,,,,
501185,2005-10-20 17:15:16,ACTV,BUY,1,V,22,69.4,10042,Ryan Lee,,,,
501186,2003-09-20 21:49:40,CMPT,SELL,0,BAC,14,40.99,10027,Andrew Moore,40.36,5.49,7.01,1.49
501187,2005-10-16 13:24:24,CMPT,LMT,0,ADBE,5,119.72,10004,Brian Anderson,119.73,4.6,6.83,1.65
501188,2004-06-04 17:43:29,CNCL,SELL,0,AMZN,20,141.51,10120,Amanda Wright,,,,
501189,2003-12-09 18:03:32,ACTV,BUY,1,AMZN,47,210.24,10144,Jennifer Nguyen,,,,
501190,2003-09-04 18:27:11,PNDG,BID,1,TM,13,30.05,10110,Sandra Davis,,,,
501191,2005-03-07 20:52:36,ACTV,MRKT,1,V,21,72.57,10151,Michelle Hernandez,,,,
501192,2003-04-06 08:58:07,PNDG,MRKT,1,MA,39,12.04,10119,Laura Torres,,,,
501193,2005-10-15 11:30:07,CNCL,BID,1,CSCO,10,218.0,10093,Amanda Young,,,,
501194,2004-09-07 14:06:09,ACTV,SELL,1,JPM,13,162.46,10164,Lisa Robinson,,,,
501195,2003-07-24 15:29:06,CMPT,MRKT,1,BAC,21,79.63,10006,Stephanie Cook,80.45,3.23,6.09,4.52
501196,2003-01-06 09:35:16,CNCL,ASK,1,WMT,12,137.73,10105,Daniel Williams,,,,
501197,2005-10-12 14:13:05,ACTV,SELL,1,KO,6,203.73,10058,Susan Murphy,,,,
501198,2004-10-05 09:14:21,CMPT,BID,0,ORCL,7,61.9,10176,Nancy White,61.49,3.05,2.54,1.69
501199,2005-07-30 08:44:33,CNCL,LMT,1,KO,9,104.98,10102,Susan Walker,,,,
501200,2004-10-09 10:18:58,CMPT,ASK,1,GOOGL,7,50.26,10102,Donna Turner,50.09,5.04,4.09,1.98
